Date,Open,High,Low,Close,Volume,Dividends,Stock Splits,Ticker
2022-12-12 00:00:00-03:00,11.014235908342771,11.083946193818624,10.526263078999648,10.752821922302246,7988700,0.0,0.0,UGPA3.SA
2022-12-13 00:00:00-03:00,10.81381688422711,10.970665422761282,10.543689768987202,10.595972061157227,11550100,0.0,0.0,UGPA3.SA
2022-12-14 00:00:00-03:00,10.674397392232299,10.970666514039872,10.456552547492866,10.787676811218262,14679100,0.0,0.0,UGPA3.SA
2022-12-15 00:00:00-03:00,10.717964805644304,10.752819941962983,10.273561194322124,10.447836875915527,10470100,0.0,0.0,UGPA3.SA
2022-12-16 00:00:00-03:00,10.421696986279345,10.56111754834134,10.160283016907053,10.27356243133545,9749000,0.0,0.0,UGPA3.SA
2022-12-19 00:00:00-03:00,10.308418152764915,10.604687279348465,10.256135854551433,10.587259292602539,7112600,0.0,0.0,UGPA3.SA
2022-12-20 00:00:00-03:00,10.569831755566057,11.144942001240345,10.412983204559572,10.8748140335083,9848900,0.0,0.0,UGPA3.SA
2022-12-21 00:00:00-03:00,10.927097142190627,11.11008684104838,10.744107443332876,10.848672866821289,7342600,0.0,0.0,UGPA3.SA
2022-12-22 00:00:00-03:00,10.848673200959599,11.110087183238221,10.805104065411138,10.97938060760498,3772000,0.0,0.0,UGPA3.SA
2022-12-23 00:00:00-03:00,11.022948354272748,11.30179030906349,11.014235192413738,11.18851089477539,2182500,0.0,0.0,UGPA3.SA
2022-12-26 00:00:00-03:00,11.049090772625318,11.179797346845481,10.717966509453818,10.76153564453125,2312500,0.0,0.0,UGPA3.SA
2022-12-27 00:00:00-03:00,10.822532048547854,10.883528339688759,10.543690910746989,10.700538635253906,3373600,0.0,0.0,UGPA3.SA
2022-12-28 00:00:00-03:00,10.665682367427888,11.223365415186777,10.56983094417754,11.066516876220703,3989600,0.0,0.0,UGPA3.SA
2022-12-29 00:00:00-03:00,11.110085820859119,11.275647518426624,10.979379261253827,10.988092422485352,5230000,0.0,0.0,UGPA3.SA
2023-01-02 00:00:00-03:00,10.805103477240808,10.909669729269957,10.32584550533233,10.412982940673828,2973300,0.0,0.0,UGPA3.SA
2023-01-03 00:00:00-03:00,10.378128799424003,10.65696994897983,10.212567074628275,10.247422218322754,5635500,0.0,0.0,UGPA3.SA
2023-01-04 00:00:00-03:00,10.369413985620987,10.7266802189981,10.134141992044176,10.49140739440918,8393000,0.0,0.0,UGPA3.SA
2023-01-05 00:00:00-03:00,10.561118569649576,10.71796713264334,10.282277418560376,10.630828857421875,8176200,0.0,0.0,UGPA3.SA
2023-01-06 00:00:00-03:00,10.630828507213426,10.874814506378913,10.552404228300054,10.752821922302246,4599500,0.0,0.0,UGPA3.SA
2023-01-09 00:00:00-03:00,10.744108183305709,10.805104476788552,10.569832465488895,10.71796703338623,3907200,0.0,0.0,UGPA3.SA
2023-01-10 00:00:00-03:00,10.639540702613372,11.136226610444037,10.56111643695337,11.083944320678711,4617400,0.0,0.0,UGPA3.SA
2023-01-11 00:00:00-03:00,11.075232021043906,11.493493727126266,10.988093750104012,11.449925422668457,6669800,0.0,0.0,UGPA3.SA
2023-01-12 00:00:00-03:00,11.432497024536133,11.763621278771144,11.362786742698457,11.432497024536133,4672600,0.0,0.0,UGPA3.SA
2023-01-13 00:00:00-03:00,11.232079897715192,11.31921733237831,10.961951938931723,10.97066593170166,4497600,0.0,0.0,UGPA3.SA
2023-01-16 00:00:00-03:00,10.883528225533501,10.94452534704676,10.587259104221522,10.76153564453125,3308800,0.0,0.0,UGPA3.SA
2023-01-17 00:00:00-03:00,10.805102394886257,11.15365459437382,10.805102394886257,11.083944320678711,3021100,0.0,0.0,UGPA3.SA
2023-01-18 00:00:00-03:00,11.214652491194634,11.458638484265434,11.127515052032559,11.258221626281738,5190000,0.0,0.0,UGPA3.SA
2023-01-19 00:00:00-03:00,11.15365577328504,11.319217483057349,10.970666077740857,11.214652061462402,6325800,0.0,0.0,UGPA3.SA
2023-01-20 00:00:00-03:00,11.179796791819578,11.214651931948698,10.866100530657492,10.996807098388672,3108200,0.0,0.0,UGPA3.SA
2023-01-23 00:00:00-03:00,11.005520724270818,11.15365527263408,10.839958190917969,10.839958190917969,2723900,0.0,0.0,UGPA3.SA
2023-01-24 00:00:00-03:00,10.927096856465136,11.397641665365086,10.857386575962336,11.301790237426758,4544100,0.0,0.0,UGPA3.SA
2023-01-25 00:00:00-03:00,11.266935065326155,11.589345319493246,11.144941659285058,11.467351913452148,4387200,0.0,0.0,UGPA3.SA
2023-01-26 00:00:00-03:00,11.46735122982058,11.624199766663951,11.36278581559568,11.458637237548828,3448900,0.0,0.0,UGPA3.SA
2023-01-27 00:00:00-03:00,11.44121033355643,11.54577575006196,11.197224361710196,11.423782348632812,6015300,0.0,0.0,UGPA3.SA
2023-01-30 00:00:00-03:00,11.415068475215783,11.47606475661994,11.136226550913914,11.197223663330078,4892800,0.0,0.0,UGPA3.SA
2023-01-31 00:00:00-03:00,11.28436223887029,11.580631346173902,11.266935084270598,11.49349308013916,6802400,0.0,0.0,UGPA3.SA
2023-02-01 00:00:00-03:00,11.441210614513805,11.528348048235515,11.1972246366761,11.223365783691406,9573300,0.0,0.0,UGPA3.SA
2023-02-02 00:00:00-03:00,11.179797135467066,11.537062540525291,11.040376570665039,11.127514839172363,8768600,0.0,0.0,UGPA3.SA
2023-02-03 00:00:00-03:00,11.05780449263307,11.05780449263307,10.630828775562483,10.744108200073242,9292800,0.0,0.0,UGPA3.SA
2023-02-06 00:00:00-03:00,10.735392601556123,11.240792523966263,10.70925145550375,11.205937385559082,7193300,0.0,0.0,UGPA3.SA
2023-02-07 00:00:00-03:00,11.205937388632728,11.284361657823407,10.839958019750927,11.01423454284668,6579700,0.0,0.0,UGPA3.SA
2023-02-08 00:00:00-03:00,11.0055221638997,11.554491297701311,10.961953026738524,11.519636154174805,5478500,0.0,0.0,UGPA3.SA
2023-02-09 00:00:00-03:00,11.484779984659195,11.62420054631013,11.075231461550496,11.162369728088379,10998400,0.0,0.0,UGPA3.SA
2023-02-10 00:00:00-03:00,11.075231025217569,11.476065539678308,11.066517032704668,11.310503005981445,4870300,0.0,0.0,UGPA3.SA
2023-02-13 00:00:00-03:00,11.240792621834816,11.554489701242707,11.214651475554843,11.371500015258789,3496500,0.0,0.0,UGPA3.SA
2023-02-14 00:00:00-03:00,11.345359774527969,11.415070057513311,10.99680752858914,11.040376663208008,4618800,0.0,0.0,UGPA3.SA
2023-02-15 00:00:00-03:00,11.022947836522254,11.650341166567488,10.988092697687078,11.423782348632812,10772100,0.0,0.0,UGPA3.SA
2023-02-16 00:00:00-03:00,10.909670190087382,11.432497317256535,10.8573870618644,11.232080459594727,22278800,0.0,0.0,UGPA3.SA
2023-02-17 00:00:00-03:00,11.179797218889789,11.667770030350214,11.179797218889789,11.510921478271484,17101600,0.0,0.0,UGPA3.SA
2023-02-22 00:00:00-03:00,11.545775351111448,11.65905475616455,11.205937135952137,11.65905475616455,10808600,0.0,0.0,UGPA3.SA
2023-02-23 00:00:00-03:00,11.67648342935965,12.068604817512199,11.659056273781836,11.946611404418945,8477300,0.0,0.0,UGPA3.SA
2023-02-24 00:00:00-03:00,11.867611518069557,12.157279473908062,11.832499438944366,11.89394474029541,9578700,0.1,0.0,UGPA3.SA
2023-02-27 00:00:00-03:00,11.858831825403266,11.964165536565652,11.49894143631897,11.771053314208984,9008000,0.0,0.0,UGPA3.SA
2023-02-28 00:00:00-03:00,11.762276637058909,11.93783367946834,11.569165229797363,11.569165229797363,10669100,0.0,0.0,UGPA3.SA
2023-03-01 00:00:00-03:00,11.57794190933606,11.718387704586952,11.218051494840982,11.402385711669922,5879800,0.0,0.0,UGPA3.SA
2023-03-02 00:00:00-03:00,11.40238529732362,11.551608269196786,11.26194034429428,11.314607620239258,8863800,0.0,0.0,UGPA3.SA
2023-03-03 00:00:00-03:00,11.314607634032235,11.51649704497854,11.25316233916853,11.411163330078125,7510800,0.0,0.0,UGPA3.SA
2023-03-06 00:00:00-03:00,11.463831093495449,11.753499031066895,11.121495877675562,11.753499031066895,7658500,0.0,0.0,UGPA3.SA
2023-03-07 00:00:00-03:00,11.674498027183324,11.7973869425832,11.437496540995644,11.586719512939453,4506300,0.0,0.0,UGPA3.SA
2023-03-08 00:00:00-03:00,11.586719949327744,12.087056159973145,11.569164748088564,12.087056159973145,7161800,0.0,0.0,UGPA3.SA
2023-03-09 00:00:00-03:00,12.043166773856578,12.30650148660372,11.990499496459961,11.990499496459961,5430300,0.0,0.0,UGPA3.SA
2023-03-10 00:00:00-03:00,11.929053722094354,12.016831391921897,11.683275074612192,11.841275215148926,5938000,0.0,0.0,UGPA3.SA
2023-03-13 00:00:00-03:00,11.753499119181123,11.814943579999952,11.534053659550453,11.613053321838379,4292100,0.0,0.0,UGPA3.SA
2023-03-14 00:00:00-03:00,11.586721018707552,11.86761179852071,11.48138729019689,11.595499038696289,4287000,0.0,0.0,UGPA3.SA
2023-03-15 00:00:00-03:00,11.47260835268394,11.621831332086087,11.218051653195218,11.516497611999512,6693200,0.0,0.0,UGPA3.SA
2023-03-16 00:00:00-03:00,11.516497744413485,11.823721726036881,11.419942042503447,11.709609985351562,6543000,0.0,0.0,UGPA3.SA
2023-03-17 00:00:00-03:00,11.630608747755296,11.788609738244055,11.402385280853299,11.665719985961914,9925000,0.0,0.0,UGPA3.SA
2023-03-20 00:00:00-03:00,11.586720101075738,11.806165560706406,11.577942081782192,11.613053321838379,6351600,0.0,0.0,UGPA3.SA
2023-03-21 00:00:00-03:00,11.683276178718762,12.13094426251642,11.586719644530318,11.955388069152832,7283300,0.0,0.0,UGPA3.SA
2023-03-22 00:00:00-03:00,11.964167813142856,12.341614311134812,11.71838910699646,11.920278549194336,11501500,0.0,0.0,UGPA3.SA
2023-03-23 00:00:00-03:00,11.93783352300367,12.174834187761295,11.490164577539481,11.55160903930664,6227500,0.0,0.0,UGPA3.SA
2023-03-24 00:00:00-03:00,11.604275536632741,11.665719994258534,11.446274546031612,11.490163803100586,5901800,0.0,0.0,UGPA3.SA
2023-03-27 00:00:00-03:00,11.61305304894842,11.744720823903615,11.45505289096735,11.718387603759766,4589900,0.0,0.0,UGPA3.SA
2023-03-28 00:00:00-03:00,11.656943110184038,11.858833377507459,11.121496465748939,11.797388076782227,9235200,0.0,0.0,UGPA3.SA
2023-03-29 00:00:00-03:00,11.893943974182656,12.043166952380806,11.70960975623894,11.929055213928223,6717500,0.0,0.0,UGPA3.SA
2023-03-30 00:00:00-03:00,12.078277014939783,12.218721960233843,11.72716381458673,11.972943305969238,9870300,0.0,0.0,UGPA3.SA
2023-03-31 00:00:00-03:00,11.955387829458436,12.324056246689493,11.946609810686757,12.253833770751953,8556300,0.0,0.0,UGPA3.SA
2023-04-03 00:00:00-03:00,12.288945563219766,12.31527878360506,11.990499608459837,12.262612342834473,5180700,0.0,0.0,UGPA3.SA
2023-04-04 00:00:00-03:00,12.33283484243134,12.604946740140102,12.297723602819953,12.455723762512207,7214200,0.0,0.0,UGPA3.SA
2023-04-05 00:00:00-03:00,12.455723490779413,12.675168942842685,12.218722837852422,12.561058044433594,7927100,0.0,0.0,UGPA3.SA
2023-04-06 00:00:00-03:00,12.482059044704531,12.798060232210673,12.376725315535818,12.666393280029297,8863400,0.0,0.0,UGPA3.SA
2023-04-10 00:00:00-03:00,12.780504102412408,12.824392525211412,12.63128112096538,12.683947563171387,7898000,0.0,0.0,UGPA3.SA
2023-04-11 00:00:00-03:00,12.81561474844688,13.061393420616035,12.754169452566117,12.929725646972656,7475100,0.0,0.0,UGPA3.SA
2023-04-12 00:00:00-03:00,12.894615266661754,13.219395294336348,12.78050436053806,13.070172309875488,11507300,0.0,0.0,UGPA3.SA
2023-04-13 00:00:00-03:00,13.078948621497705,13.15794911826014,12.929725646972656,12.929725646972656,6748500,0.0,0.0,UGPA3.SA
2023-04-14 00:00:00-03:00,12.815614294706952,13.08772617712341,12.719057763363487,12.999948501586914,6957400,0.0,0.0,UGPA3.SA
2023-04-17 00:00:00-03:00,12.841948158312245,12.920948656243414,12.482057745175126,12.69272518157959,12683100,0.0,0.0,UGPA3.SA
2023-04-18 00:00:00-03:00,12.727836981606382,12.885837984428226,12.587392017817194,12.798059463500977,8143500,0.0,0.0,UGPA3.SA
2023-04-19 00:00:00-03:00,12.754168873899133,12.938503078942098,12.66639119923739,12.727835655212402,12205300,0.0,0.0,UGPA3.SA
2023-04-20 00:00:00-03:00,12.736613906550081,12.894614058675524,12.517168460208906,12.60494613647461,11202100,0.0,0.0,UGPA3.SA
2023-04-24 00:00:00-03:00,12.596169642823469,12.885837580845818,12.47327988479781,12.80683708190918,8958400,0.0,0.0,UGPA3.SA
2023-04-25 00:00:00-03:00,12.798058496014095,12.868280972600123,12.675168743429566,12.701502799987793,7679600,0.0,0.0,UGPA3.SA
2023-04-26 00:00:00-03:00,12.648837341097874,12.727837847885711,12.385502597511106,12.429391860961914,6730300,0.0,0.0,UGPA3.SA
2023-04-27 00:00:00-03:00,12.446946544853041,12.50839100471776,12.29772356765188,12.4381685256958,5598400,0.0,0.0,UGPA3.SA
2023-04-28 00:00:00-03:00,12.464501557214563,12.79805874607453,12.403057098280717,12.675168991088867,7500100,0.0,0.0,UGPA3.SA
2023-05-02 00:00:00-03:00,12.569836951216017,12.806838473783767,12.280168981711933,12.525948524475098,12013100,0.0,0.0,UGPA3.SA
2023-05-03 00:00:00-03:00,12.552280259208166,12.80683695485754,12.429390502401647,12.710280418395996,8511200,0.0,0.0,UGPA3.SA
2023-05-04 00:00:00-03:00,13.71095223432781,14.351733412547913,13.438840332833323,14.211288452148438,34257300,0.0,0.0,UGPA3.SA
2023-05-05 00:00:00-03:00,14.29028984741148,14.474623241651873,13.991843032178044,14.369290351867676,11376100,0.0,0.0,UGPA3.SA
2023-05-08 00:00:00-03:00,14.316620953168032,14.922290875120764,14.29028857019353,14.68528938293457,8077100,0.0,0.0,UGPA3.SA
2023-05-09 00:00:00-03:00,14.79940155307647,15.04517938339526,14.588734123844977,14.694067001342773,7039000,0.0,0.0,UGPA3.SA
2023-05-10 00:00:00-03:00,14.685290548855644,14.85206957595781,14.45706705762007,14.544845581054688,6818000,0.0,0.0,UGPA3.SA
2023-05-11 00:00:00-03:00,14.492177407348384,15.369959188477402,14.43951096926669,15.106623649597168,11372400,0.0,0.0,UGPA3.SA
2023-05-12 00:00:00-03:00,14.834511909778625,14.931068442392622,14.685288938573308,14.852067947387695,6214800,0.0,0.0,UGPA3.SA
2023-05-15 00:00:00-03:00,14.895957946777344,15.010070529101183,14.746734959748066,14.895957946777344,6480900,0.0,0.0,UGPA3.SA
2023-05-16 00:00:00-03:00,14.887178749950161,15.150514298481998,14.7906238889675,14.843290328979492,6752700,0.0,0.0,UGPA3.SA
2023-05-17 00:00:00-03:00,14.878401544235826,15.194401840258989,14.843289470102228,15.097846984863281,5549800,0.0,0.0,UGPA3.SA
2023-05-18 00:00:00-03:00,15.089069111683738,15.580626434638402,15.089069111683738,15.46651554107666,9822300,0.0,0.0,UGPA3.SA
2023-05-19 00:00:00-03:00,15.589405846268207,15.606961885072867,15.18562532494107,15.378738403320312,9192600,0.0,0.0,UGPA3.SA
2023-05-22 00:00:00-03:00,15.273402214050293,15.554292107991364,15.053956775129352,15.273402214050293,7025000,0.0,0.0,UGPA3.SA
2023-05-23 00:00:00-03:00,15.334848389443072,15.422626909706235,15.115402925903174,15.14173698425293,4270300,0.0,0.0,UGPA3.SA
2023-05-24 00:00:00-03:00,15.010068658172942,15.527960038355214,14.913512127355135,15.308514595031738,9553800,0.0,0.0,UGPA3.SA
2023-05-25 00:00:00-03:00,15.51918366374401,15.817629632218784,14.974958169985294,15.00129222869873,9244600,0.0,0.0,UGPA3.SA
2023-05-26 00:00:00-03:00,15.16806938158177,15.203179781300564,14.57995553672842,14.764288902282715,6415900,0.0,0.0,UGPA3.SA
2023-05-29 00:00:00-03:00,14.825733491523781,14.869623584363927,14.667732505770955,14.860845565795898,4341800,0.0,0.0,UGPA3.SA
2023-05-30 00:00:00-03:00,15.01884854883656,15.132959456924327,14.650180091131055,14.895957946777344,6388400,0.0,0.0,UGPA3.SA
2023-05-31 00:00:00-03:00,14.895955965832165,14.913512002968224,14.694066561475044,14.860845565795898,12300700,0.0,0.0,UGPA3.SA
2023-06-01 00:00:00-03:00,14.852068085724781,15.49284839630127,14.816956010179592,15.49284839630127,10998600,0.0,0.0,UGPA3.SA
2023-06-02 00:00:00-03:00,15.694736220886323,16.08973865964648,15.659625823127499,15.800070762634277,11042800,0.0,0.0,UGPA3.SA
2023-06-05 00:00:00-03:00,15.668405183859697,15.922961030691974,15.659627165108807,15.79129409790039,3628200,0.0,0.0,UGPA3.SA
2023-06-06 00:00:00-03:00,15.922961864832736,16.001962363493387,15.563071448372432,15.694738388061523,8241200,0.0,0.0,UGPA3.SA
2023-06-07 00:00:00-03:00,15.800073150913155,15.870295631281106,15.34362619140347,15.554293632507324,9787700,0.0,0.0,UGPA3.SA
2023-06-09 00:00:00-03:00,15.694738637850168,16.02829667622296,15.571849715415981,15.88785171508789,7848200,0.0,0.0,UGPA3.SA
2023-06-12 00:00:00-03:00,15.99318424605518,16.001962265212,15.70351631082388,15.738628387451172,4408000,0.0,0.0,UGPA3.SA
2023-06-13 00:00:00-03:00,15.773737700047322,15.808849774248747,15.53673789613109,15.642070770263672,6090100,0.0,0.0,UGPA3.SA
2023-06-14 00:00:00-03:00,15.791292744635637,15.861515214389026,15.545513263380903,15.800070762634277,8333100,0.0,0.0,UGPA3.SA
2023-06-15 00:00:00-03:00,15.773739594024798,15.861518115832217,15.642072648431693,15.721073150634766,5071400,0.0,0.0,UGPA3.SA
2023-06-16 00:00:00-03:00,15.580627313903749,15.738628309471794,15.448960375675698,15.484070777893066,8666900,0.0,0.0,UGPA3.SA
2023-06-19 00:00:00-03:00,15.4752936244212,15.756185229052154,15.396294796454175,15.721073150634766,2265100,0.0,0.0,UGPA3.SA
2023-06-20 00:00:00-03:00,15.712294105850638,15.958073616027832,15.571849149816796,15.958073616027832,6481500,0.0,0.0,UGPA3.SA
2023-06-21 00:00:00-03:00,15.861517278220928,16.212629672673096,15.861517278220928,16.089740753173828,4759300,0.0,0.0,UGPA3.SA
2023-06-22 00:00:00-03:00,15.896629333496094,15.975629831421534,15.606961399181468,15.896629333496094,7209000,0.0,0.0,UGPA3.SA
2023-06-23 00:00:00-03:00,15.80885081644161,15.922961716647269,15.58940536092338,15.896629333496094,5326000,0.0,0.0,UGPA3.SA
2023-06-26 00:00:00-03:00,15.940518559448236,15.940518559448236,15.756185171142588,15.879074096679688,4876000,0.0,0.0,UGPA3.SA
2023-06-27 00:00:00-03:00,15.896629816391975,15.922962200343054,15.413848795044736,15.650850296020508,8565300,0.0,0.0,UGPA3.SA
2023-06-28 00:00:00-03:00,15.633293057634468,15.861516521702198,15.536738200162803,15.677183151245117,3707300,0.0,0.0,UGPA3.SA
2023-06-29 00:00:00-03:00,15.703515490042045,16.686631819153746,15.703515490042045,16.45840835571289,11548600,0.0,0.0,UGPA3.SA
2023-06-30 00:00:00-03:00,16.5900768476484,16.791966273978524,16.467187922792853,16.581298828125,7545400,0.0,0.0,UGPA3.SA
2023-07-03 00:00:00-03:00,16.616410103139717,16.83585555791074,16.546187624582426,16.598854064941406,4275400,0.0,0.0,UGPA3.SA
2023-07-04 00:00:00-03:00,16.6251885774858,16.686633038626468,16.379409058687138,16.43207550048828,1792500,0.0,0.0,UGPA3.SA
2023-07-05 00:00:00-03:00,16.405741500023144,16.70418743121298,16.30918497103942,16.546186447143555,5174800,0.0,0.0,UGPA3.SA
2023-07-06 00:00:00-03:00,16.467189836014477,16.58130075460447,16.098521344378472,16.195077896118164,4366500,0.0,0.0,UGPA3.SA
2023-07-07 00:00:00-03:00,16.344298568472837,17.020189311654608,16.256520049781336,16.94118881225586,9481100,0.0,0.0,UGPA3.SA
2023-07-10 00:00:00-03:00,16.853413035327574,17.151859013241214,16.77441253092478,17.03774642944336,4898100,0.0,0.0,UGPA3.SA
2023-07-11 00:00:00-03:00,16.93241168938692,16.93241168938692,16.40574227566715,16.879743576049805,7491100,0.0,0.0,UGPA3.SA
2023-07-12 00:00:00-03:00,16.86218784274313,17.116745372427875,16.800743383642935,16.91485595703125,4319900,0.0,0.0,UGPA3.SA
2023-07-13 00:00:00-03:00,16.95874315663695,17.49419056035069,16.95874315663695,17.371301651000977,7125100,0.0,0.0,UGPA3.SA
2023-07-14 00:00:00-03:00,17.292303155479875,17.450302482494283,17.134302154229456,17.32741355895996,7070100,0.0,0.0,UGPA3.SA
2023-07-17 00:00:00-03:00,17.274747116621825,17.494192579639407,17.134302154229456,17.32741355895996,6453800,0.0,0.0,UGPA3.SA
2023-07-18 00:00:00-03:00,17.257189897550596,17.34496841160169,16.818299001531027,17.002634048461914,5519900,0.0,0.0,UGPA3.SA
2023-07-19 00:00:00-03:00,16.897299298271456,16.914855335722635,16.29162940009282,16.572519302368164,4857600,0.0,0.0,UGPA3.SA
2023-07-20 00:00:00-03:00,16.730520930765046,16.730520930765046,16.238963582985075,16.563743591308594,3883700,0.0,0.0,UGPA3.SA
2023-07-21 00:00:00-03:00,16.669078391846057,16.914857931167763,16.51985539908576,16.75685691833496,3453800,0.0,0.0,UGPA3.SA
2023-07-24 00:00:00-03:00,16.590075286726996,17.081632614135742,16.528630830080388,17.081632614135742,5489300,0.0,0.0,UGPA3.SA
2023-07-25 00:00:00-03:00,17.450301386574615,17.467857424330106,16.80952107662242,16.958744049072266,3260000,0.0,0.0,UGPA3.SA
2023-07-26 00:00:00-03:00,16.888521257971135,16.958743733450266,16.467186405096367,16.651519775390625,4753300,0.0,0.0,UGPA3.SA
2023-07-27 00:00:00-03:00,16.677856070866056,16.827079060574828,16.39696613123451,16.414522171020508,4133000,0.0,0.0,UGPA3.SA
2023-07-28 00:00:00-03:00,16.598853358544932,16.66029781538818,16.370629894387246,16.572519302368164,2599400,0.0,0.0,UGPA3.SA
2023-07-31 00:00:00-03:00,16.633966945265406,16.72174379202735,16.511076346173823,16.581298828125,2961600,0.0,0.0,UGPA3.SA
2023-08-01 00:00:00-03:00,16.35307531529723,16.73929980248712,16.309186891991207,16.66029930114746,3551600,0.0,0.0,UGPA3.SA
2023-08-02 00:00:00-03:00,16.66029777302282,16.80952074250662,16.458408365555282,16.730520248413086,2970700,0.0,0.0,UGPA3.SA
2023-08-03 00:00:00-03:00,16.791966146633378,16.94118912892747,16.57252068292066,16.70418930053711,3492400,0.0,0.0,UGPA3.SA
2023-08-04 00:00:00-03:00,16.6251877704293,17.16941154917286,16.590075694775695,16.721742630004883,4686500,0.0,0.0,UGPA3.SA
2023-08-07 00:00:00-03:00,16.625190295032215,17.03774720119503,16.625190295032215,16.90608024597168,2622800,0.0,0.0,UGPA3.SA
2023-08-08 00:00:00-03:00,16.71296763336888,17.107968470916585,16.53741058941253,16.93241310119629,3860500,0.0,0.0,UGPA3.SA
2023-08-09 00:00:00-03:00,16.9236324850372,16.949964865625322,16.511073997308095,16.827075958251953,6825200,0.0,0.0,UGPA3.SA
2023-08-10 00:00:00-03:00,16.78318955964209,16.78318955964209,15.773739101716421,16.238964080810547,12467300,0.0,0.0,UGPA3.SA
2023-08-11 00:00:00-03:00,16.256519294919006,16.598853660260165,16.186296818073746,16.335519790649414,3516400,0.0,0.0,UGPA3.SA
2023-08-14 00:00:00-03:00,16.33551868306433,16.55496411760636,16.212628101240448,16.317962646484375,3719800,0.0,0.0,UGPA3.SA
2023-08-15 00:00:00-03:00,16.30040965432499,17.23963602170607,16.089742198726665,16.44963264465332,9066500,0.0,0.0,UGPA3.SA
2023-08-16 00:00:00-03:00,16.309189964633674,16.800747430061584,16.309189964633674,16.44085693359375,5797600,0.0,0.0,UGPA3.SA
2023-08-17 00:00:00-03:00,16.47596403120336,16.677853434115526,16.26529660978599,16.309185028076172,6081300,0.0,0.0,UGPA3.SA
2023-08-18 00:00:00-03:00,16.318082645794853,16.47823857991093,16.13123349030261,16.28249168395996,4166500,0.25,0.0,UGPA3.SA
2023-08-21 00:00:00-03:00,16.015568145333905,16.318084568289198,15.953285651855579,16.238006591796875,4039600,0.0,0.0,UGPA3.SA
2023-08-22 00:00:00-03:00,16.238005151283023,16.513828325248358,16.11344017537684,16.478239059448242,4167800,0.0,0.0,UGPA3.SA
2023-08-23 00:00:00-03:00,16.326980894620913,16.576110846940352,16.300287672413607,16.53162384033203,5085900,0.0,0.0,UGPA3.SA
2023-08-24 00:00:00-03:00,16.433752020183228,16.59390797517979,16.36257178430372,16.424854278564453,2333400,0.0,0.0,UGPA3.SA
2023-08-25 00:00:00-03:00,16.424854476794007,16.56721664734186,16.335880453673823,16.469343185424805,3152600,0.0,0.0,UGPA3.SA
2023-08-28 00:00:00-03:00,16.585010620204766,16.638397071162,16.273598141641198,16.558319091796875,2504000,0.0,0.0,UGPA3.SA
2023-08-29 00:00:00-03:00,16.629499644901358,16.771860122680664,16.504932954041394,16.771860122680664,2716100,0.0,0.0,UGPA3.SA
2023-08-30 00:00:00-03:00,16.825244612813606,16.85193783837871,16.647293169854382,16.665088653564453,1877700,0.0,0.0,UGPA3.SA
2023-08-31 00:00:00-03:00,16.647292365689395,16.700678814240714,16.09564597389099,16.157928466796875,5659300,0.0,0.0,UGPA3.SA
2023-09-01 00:00:00-03:00,16.246904548818705,16.53162549253682,16.246904548818705,16.380367279052734,3948800,0.0,0.0,UGPA3.SA
2023-09-04 00:00:00-03:00,16.255800322683022,16.49603422626643,16.18462009536984,16.318082809448242,2268200,0.0,0.0,UGPA3.SA
2023-09-05 00:00:00-03:00,16.19351779538322,16.460443222871866,16.157926833280474,16.309185028076172,3176700,0.0,0.0,UGPA3.SA
2023-09-06 00:00:00-03:00,16.300287328352326,16.602803718700958,16.18462009536984,16.318082809448242,4069700,0.0,0.0,UGPA3.SA
2023-09-08 00:00:00-03:00,16.282495598572794,16.549422785297306,16.220213097458338,16.353675842285156,5583700,0.0,0.0,UGPA3.SA
2023-09-11 00:00:00-03:00,16.353674746473313,16.869731903076172,16.353674746473313,16.869731903076172,4983500,0.0,0.0,UGPA3.SA
2023-09-12 00:00:00-03:00,16.905319456432604,17.083270866381117,16.807446011253884,17.003192901611328,5481600,0.0,0.0,UGPA3.SA
2023-09-13 00:00:00-03:00,16.745164131411887,16.82524209907258,16.273595763043907,16.309185028076172,11648000,0.0,0.0,UGPA3.SA
2023-09-14 00:00:00-03:00,16.309185677356435,16.816345028017533,16.309185677356435,16.68288230895996,4663800,0.0,0.0,UGPA3.SA
2023-09-15 00:00:00-03:00,16.691782464585796,17.14555713268408,16.691782464585796,16.940914154052734,6929500,0.0,0.0,UGPA3.SA
2023-09-18 00:00:00-03:00,17.03878601276518,17.323506975317265,16.958708029913552,17.056581497192383,5346800,0.0,0.0,UGPA3.SA
2023-09-19 00:00:00-03:00,17.038783458803664,17.07437442232331,16.5583173307823,16.68288230895996,4355400,0.0,0.0,UGPA3.SA
2023-09-20 00:00:00-03:00,16.771860135199073,17.11886358791129,16.76296239319738,16.869731903076172,3374200,0.0,0.0,UGPA3.SA
2023-09-21 00:00:00-03:00,16.593906476209156,16.914218357267675,16.531623987574566,16.65618896484375,7087800,0.0,0.0,UGPA3.SA
2023-09-22 00:00:00-03:00,16.68288203155674,16.762960001073857,16.46044360446932,16.57611083984375,7882500,0.0,0.0,UGPA3.SA
2023-09-25 00:00:00-03:00,16.57611083984375,16.6917797722887,16.389263375684163,16.57611083984375,3029600,0.0,0.0,UGPA3.SA
2023-09-26 00:00:00-03:00,16.513831564124608,16.531627049050176,16.10454559326172,16.10454559326172,5314000,0.0,0.0,UGPA3.SA
2023-09-27 00:00:00-03:00,16.166824452137497,16.415956093770337,16.03336173939759,16.28249168395996,5126700,0.0,0.0,UGPA3.SA
2023-09-28 00:00:00-03:00,16.255802580258507,16.65619077809887,16.12233984764505,16.540523529052734,5330300,0.0,0.0,UGPA3.SA
2023-09-29 00:00:00-03:00,16.754062538928704,16.780755761568436,16.513828626382747,16.68288230895996,4941000,0.0,0.0,UGPA3.SA
2023-10-02 00:00:00-03:00,16.576112446134037,16.71847461457032,16.273597717285156,16.273597717285156,2895300,0.0,0.0,UGPA3.SA
2023-10-03 00:00:00-03:00,16.229108929889097,16.75406380188212,16.140133211453374,16.255802154541016,5787600,0.0,0.0,UGPA3.SA
2023-10-04 00:00:00-03:00,16.300289459366102,16.58501040584173,16.13123576099468,16.415958404541016,7685600,0.0,0.0,UGPA3.SA
2023-10-05 00:00:00-03:00,16.45154535853476,16.51382784467535,16.11343970645563,16.28249168395996,4458400,0.0,0.0,UGPA3.SA
2023-10-06 00:00:00-03:00,16.15792901329204,16.478240927150967,15.899901291516237,16.469343185424805,5479600,0.0,0.0,UGPA3.SA
2023-10-09 00:00:00-03:00,16.478241437426252,16.905322871082944,16.451548211421173,16.869731903076172,5505500,0.0,0.0,UGPA3.SA
2023-10-10 00:00:00-03:00,16.905321971278436,17.37689208984375,16.8341417361243,17.37689208984375,5289300,0.0,0.0,UGPA3.SA
2023-10-11 00:00:00-03:00,17.394684351677316,17.68830300809459,17.394684351677316,17.599328994750977,6943500,0.0,0.0,UGPA3.SA
2023-10-13 00:00:00-03:00,17.652713816221045,17.786176533866836,17.47476239464631,17.661611557006836,6431500,0.0,0.0,UGPA3.SA
2023-10-16 00:00:00-03:00,17.75948371615682,18.053104077566392,17.679407441401242,17.981922149658203,4886900,0.0,0.0,UGPA3.SA
2023-10-17 00:00:00-03:00,17.83956115833926,17.94633234996102,17.51925097761503,17.634918212890625,4035000,0.0,0.0,UGPA3.SA
2023-10-18 00:00:00-03:00,17.51925284471778,17.74169129532136,17.35909688875189,17.58153533935547,7584200,0.0,0.0,UGPA3.SA
2023-10-19 00:00:00-03:00,17.626020356855214,17.830664998035566,17.456968375409954,17.563737869262695,6768600,0.0,0.0,UGPA3.SA
2023-10-20 00:00:00-03:00,17.50145734967506,17.866256272655455,17.412481630078958,17.626022338867188,6484800,0.0,0.0,UGPA3.SA
2023-10-23 00:00:00-03:00,17.599330703300566,17.634919972678926,17.448072490033493,17.554841995239258,6651200,0.0,0.0,UGPA3.SA
2023-10-24 00:00:00-03:00,17.661611549678593,17.78617652648691,17.50145560974189,17.706098556518555,6695200,0.0,0.0,UGPA3.SA
2023-10-25 00:00:00-03:00,17.750589606995774,18.070899832142565,17.71499863916238,17.946334838867188,4952600,0.0,0.0,UGPA3.SA
2023-10-26 00:00:00-03:00,17.97302551941019,18.862779224389495,17.95523003801368,18.68482780456543,9456200,0.0,0.0,UGPA3.SA
2023-10-27 00:00:00-03:00,18.640343787284895,18.809395796449145,18.026413157220347,18.213260650634766,4648900,0.0,0.0,UGPA3.SA
2023-10-30 00:00:00-03:00,18.328927569431205,18.48908351578789,17.875152953777455,18.142078399658203,5004000,0.0,0.0,UGPA3.SA
2023-10-31 00:00:00-03:00,18.204361132076823,18.417903528099213,18.06200066610898,18.195465087890625,3889500,0.0,0.0,UGPA3.SA
2023-11-01 00:00:00-03:00,18.34672421478006,18.90726836549298,18.28444002286022,18.87167739868164,8888200,0.0,0.0,UGPA3.SA
2023-11-03 00:00:00-03:00,19.138604866409768,19.39663259165966,18.942859637010855,18.987346649169922,8253100,0.0,0.0,UGPA3.SA
2023-11-06 00:00:00-03:00,19.103010851486243,19.432220458984375,19.014036841362305,19.432220458984375,3902900,0.0,0.0,UGPA3.SA
2023-11-07 00:00:00-03:00,19.39662972971895,20.08174047713427,19.378835945723207,19.574581146240234,11335700,0.0,0.0,UGPA3.SA
2023-11-08 00:00:00-03:00,19.54788851261742,20.998188018798828,19.48560602408273,20.998188018798828,7463400,0.0,0.0,UGPA3.SA
2023-11-09 00:00:00-03:00,21.265113221468194,21.745581037019214,20.51771997310251,20.85582733154297,19308800,0.0,0.0,UGPA3.SA
2023-11-10 00:00:00-03:00,20.90921199707627,21.247317657126477,20.437641924069165,20.838031768798828,12855700,0.0,0.0,UGPA3.SA
2023-11-13 00:00:00-03:00,20.811343109127442,21.300708770751953,20.802445366508355,21.300708770751953,8821300,0.0,0.0,UGPA3.SA
2023-11-14 00:00:00-03:00,21.35409047652264,22.092586037619554,21.247319277428947,21.798967361450195,8252800,0.0,0.0,UGPA3.SA
2023-11-16 00:00:00-03:00,21.950225790142234,22.16376649339859,21.692196379704978,21.941328048706055,13753800,0.0,0.0,UGPA3.SA
2023-11-17 00:00:00-03:00,21.99471285099215,22.172664285984958,21.603222409321027,21.905738830566406,7402200,0.0,0.0,UGPA3.SA
2023-11-20 00:00:00-03:00,21.896839891998674,22.475179478501197,21.709990725764296,22.38620376586914,5407200,0.0,0.0,UGPA3.SA
2023-11-21 00:00:00-03:00,22.199357729941134,22.28833175124697,21.79007010423745,22.048099517822266,5014700,0.0,0.0,UGPA3.SA
2023-11-22 00:00:00-03:00,22.065891006632683,22.137071234509413,21.532040146092445,21.825658798217773,9460500,0.0,0.0,UGPA3.SA
2023-11-23 00:00:00-03:00,21.78117188892138,21.879045346713724,21.55873344635379,21.754480361938477,4276200,0.0,0.0,UGPA3.SA
2023-11-24 00:00:00-03:00,21.75448013094745,21.78117165764694,21.478655243201516,21.656606674194336,3597100,0.0,0.0,UGPA3.SA
2023-11-27 00:00:00-03:00,21.8167628543261,22.11038153063249,21.425270720227363,21.754480361938477,6982400,0.0,0.0,UGPA3.SA
2023-11-28 00:00:00-03:00,21.798968097664808,22.28833200878411,21.567631906041107,22.199357986450195,9524500,0.0,0.0,UGPA3.SA
2023-11-29 00:00:00-03:00,22.172664264409494,22.24384449892322,21.75448059877517,21.994712829589844,8436700,0.0,0.0,UGPA3.SA
2023-11-30 00:00:00-03:00,22.226047974244096,22.688720325432204,21.97691801365864,22.46628189086914,12454500,0.0,0.0,UGPA3.SA
2023-12-01 00:00:00-03:00,22.430691449352146,22.92005703503483,22.288330983680613,22.768798828125,3904200,0.0,0.0,UGPA3.SA
2023-12-04 00:00:00-03:00,22.6798209734312,22.76879668035051,22.421793290142713,22.670923233032227,4896000,0.0,0.0,UGPA3.SA
2023-12-05 00:00:00-03:00,22.688719823881,22.751002312650563,21.816761586966035,22.17266273498535,9847400,0.0,0.0,UGPA3.SA
2023-12-06 00:00:00-03:00,22.172663585147276,22.866672123198082,22.163765843971813,22.73320770263672,8460200,0.0,0.0,UGPA3.SA
2023-12-07 00:00:00-03:00,22.72430975750082,22.92895269620503,22.51966512172615,22.688718795776367,4967900,0.0,0.0,UGPA3.SA
2023-12-08 00:00:00-03:00,22.848877201810495,23.07131564544639,22.59974553399286,23.04462242126465,5747600,0.0,0.0,UGPA3.SA
2023-12-11 00:00:00-03:00,22.866672763875993,23.16918918403527,22.857775022451232,23.06241798400879,2339800,0.0,0.0,UGPA3.SA
2023-12-12 00:00:00-03:00,22.937852333635824,23.1602907715983,22.528564725308158,22.63533592224121,4110400,0.0,0.0,UGPA3.SA
2023-12-13 00:00:00-03:00,22.564156128510156,23.000135271741385,22.546360645830358,22.92005729675293,5941000,0.0,0.0,UGPA3.SA
2023-12-14 00:00:00-03:00,23.13359840738591,23.302652101696594,22.964544713075227,23.15139389038086,6224800,0.0,0.0,UGPA3.SA
2023-12-15 00:00:00-03:00,23.231470921270613,23.382729126430167,22.484077636608195,22.61754035949707,6630300,0.0,0.0,UGPA3.SA
2023-12-18 00:00:00-03:00,22.64423596266924,22.95564844978057,22.64423596266924,22.866674423217773,4836700,0.0,0.0,UGPA3.SA
2023-12-19 00:00:00-03:00,22.857777131035743,23.178087366521876,22.857777131035743,23.160293579101562,5188300,0.0,0.0,UGPA3.SA
2023-12-20 00:00:00-03:00,23.160291181250816,23.364934140499013,22.91115951538086,22.91115951538086,5476000,0.0,0.0,UGPA3.SA
2023-12-21 00:00:00-03:00,23.009033741750894,23.4361151571674,22.7687998091776,23.36493492126465,5556100,0.0,0.0,UGPA3.SA
2023-12-22 00:00:00-03:00,23.445010936440358,23.57847365545334,23.16029001666051,23.400522232055664,3788600,0.0,0.0,UGPA3.SA
2023-12-26 00:00:00-03:00,23.39162647085523,23.50729370951177,23.195879563338757,23.462806701660156,3141600,0.0,0.0,UGPA3.SA
2023-12-27 00:00:00-03:00,23.453910855371834,23.605169070185333,23.178085953783814,23.507295608520508,3593600,0.0,0.0,UGPA3.SA
2023-12-28 00:00:00-03:00,23.551780862015534,23.65855205741398,23.418318140570406,23.587371826171875,3931100,0.0,0.0,UGPA3.SA
2024-01-02 00:00:00-03:00,23.34713798045947,23.71193687882051,23.23147074074011,23.649654388427734,4732900,0.0,0.0,UGPA3.SA
2024-01-03 00:00:00-03:00,23.569578329110854,23.969968224237434,23.47170486650864,23.60516929626465,4442100,0.0,0.0,UGPA3.SA
2024-01-04 00:00:00-03:00,23.533988900932375,23.64965614926374,22.893365073033397,23.569578170776367,4688900,0.0,0.0,UGPA3.SA
2024-01-05 00:00:00-03:00,23.56957909577744,24.254689962136634,23.42721861667303,24.112329483032227,4852400,0.0,0.0,UGPA3.SA
2024-01-08 00:00:00-03:00,24.130124412652382,24.468230118487632,23.792017009746395,23.845401763916016,7431300,0.0,0.0,UGPA3.SA
2024-01-09 00:00:00-03:00,23.720835351859325,24.174609977814207,23.587372625889216,24.139019012451172,4238500,0.0,0.0,UGPA3.SA
2024-01-10 00:00:00-03:00,24.03225150140215,24.33476794376671,23.978866746005693,24.112329483032227,3096600,0.0,0.0,UGPA3.SA
2024-01-11 00:00:00-03:00,24.023350180066704,24.29917335510254,23.703038301269913,24.29917335510254,4782900,0.0,0.0,UGPA3.SA
2024-01-12 00:00:00-03:00,24.15681569158126,24.89531128873439,24.050046184345305,24.83302879333496,7635000,0.0,0.0,UGPA3.SA
2024-01-15 00:00:00-03:00,24.779644211723475,24.96649169921875,24.583897285314254,24.96649169921875,1409400,0.0,0.0,UGPA3.SA
2024-01-16 00:00:00-03:00,24.788540870716556,24.886412632575052,24.0589430421518,24.254688262939453,7354100,0.0,0.0,UGPA3.SA
2024-01-17 00:00:00-03:00,24.076737350070996,24.69066794718069,24.076737350070996,24.65507698059082,5159600,0.0,0.0,UGPA3.SA
2024-01-18 00:00:00-03:00,24.655074656895422,24.655074656895422,23.987759369864857,24.37925148010254,4586400,0.0,0.0,UGPA3.SA
2024-01-19 00:00:00-03:00,24.468229508793595,24.75295045336461,24.19240630587426,24.6105899810791,5912100,0.0,0.0,UGPA3.SA
2024-01-22 00:00:00-03:00,24.6016902923584,24.73515301242949,24.334764852216214,24.6016902923584,3560200,0.0,0.0,UGPA3.SA
2024-01-23 00:00:00-03:00,24.726257547124927,24.86861801147461,24.343663162783688,24.86861801147461,4045400,0.0,0.0,UGPA3.SA
2024-01-24 00:00:00-03:00,24.85971995643578,24.904206964581878,24.441534612751898,24.752948760986328,5766400,0.0,0.0,UGPA3.SA
2024-01-25 00:00:00-03:00,24.752949073521368,24.886411796715368,24.48602362713337,24.86861801147461,3488300,0.0,0.0,UGPA3.SA
2024-01-26 00:00:00-03:00,24.868616519739554,25.260106924682464,24.770743069968578,25.188926696777344,3700900,0.0,0.0,UGPA3.SA
2024-01-29 00:00:00-03:00,25.269008038715363,25.455857222579716,24.735155409622426,24.8508243560791,2873900,0.0,0.0,UGPA3.SA
2024-01-30 00:00:00-03:00,24.779641984116335,24.824128992262434,24.574999031331355,24.752948760986328,9390100,0.0,0.0,UGPA3.SA
2024-01-31 00:00:00-03:00,24.922003013822327,25.304597402039622,24.779642548030395,25.064363479614258,4774100,0.0,0.0,UGPA3.SA
2024-02-01 00:00:00-03:00,25.13554403267933,25.384675699523882,25.010979047792375,25.322391510009766,4870500,0.0,0.0,UGPA3.SA
2024-02-02 00:00:00-03:00,25.180029835990304,25.349083519573433,24.290276107551485,24.592792510986328,5734100,0.0,0.0,UGPA3.SA
2024-02-05 00:00:00-03:00,24.592791544567724,25.13554184064962,24.459328829960675,25.073259353637695,4013500,0.0,0.0,UGPA3.SA
2024-02-06 00:00:00-03:00,25.18003292683763,25.27790639204244,24.75295149205971,25.22452163696289,7622400,0.0,0.0,UGPA3.SA
2024-02-07 00:00:00-03:00,25.446957205928307,25.802858361150754,25.242314253809223,25.758371353149414,6459000,0.0,0.0,UGPA3.SA
2024-02-08 00:00:00-03:00,25.660498122140194,25.900732040405273,25.251210517273325,25.900732040405273,5468900,0.0,0.0,UGPA3.SA
2024-02-09 00:00:00-03:00,25.80285919485939,26.59473950294937,25.80285919485939,26.3634033203125,4696800,0.0,0.0,UGPA3.SA
2024-02-14 00:00:00-03:00,26.23883782050793,26.31891579358026,25.811756428835896,26.016399383544922,2985200,0.0,0.0,UGPA3.SA
2024-02-15 00:00:00-03:00,26.167655938576676,26.35450509632065,25.704983611570203,26.212142944335938,3584700,0.0,0.0,UGPA3.SA
2024-02-16 00:00:00-03:00,26.345609912818478,26.6926133432177,25.998604785348604,26.54135513305664,4431500,0.0,0.0,UGPA3.SA
2024-02-19 00:00:00-03:00,26.60363758594317,26.612535327359325,26.149862956143114,26.53245735168457,2216300,0.0,0.0,UGPA3.SA
2024-02-20 00:00:00-03:00,26.532456616486723,27.164182662963867,26.345609143136823,27.164182662963867,7712000,0.0,0.0,UGPA3.SA
2024-02-21 00:00:00-03:00,27.075207672068565,27.66244502839475,26.89725623806096,27.653547286987305,8730100,0.0,0.0,UGPA3.SA
2024-02-22 00:00:00-03:00,27.831498489366453,27.831498489366453,27.137489938997483,27.555673599243164,7038400,0.0,0.0,UGPA3.SA
2024-02-23 00:00:00-03:00,27.671341948177343,27.671341948177343,27.048513644714564,27.146387100219727,4783300,0.0,0.0,UGPA3.SA
2024-02-26 00:00:00-03:00,27.04851424259633,27.466699600219727,27.04851424259633,27.466699600219727,3410300,0.0,0.0,UGPA3.SA
2024-02-27 00:00:00-03:00,27.5111846179263,27.795905531906463,27.386619642327606,27.448902130126953,5671000,0.0,0.0,UGPA3.SA
2024-02-28 00:00:00-03:00,27.324338871196918,27.626855304363062,27.012926393294176,27.17308235168457,6569400,0.0,0.0,UGPA3.SA
2024-02-29 00:00:00-03:00,27.306543281773063,27.520083979837928,25.527035767495235,26.123170852661133,19575300,0.0,0.0,UGPA3.SA
2024-03-01 00:00:00-03:00,26.05199061049793,26.24773582605188,25.793961206427596,26.16765785217285,5363700,0.0,0.0,UGPA3.SA
2024-03-04 00:00:00-03:00,26.247735611439126,26.398993816743804,25.909629933324872,25.980810165405273,4928800,0.0,0.0,UGPA3.SA
2024-03-05 00:00:00-03:00,26.007501304712886,26.078681535733956,25.14444079144859,25.802858352661133,20222200,0.0,0.0,UGPA3.SA
2024-03-06 00:00:00-03:00,25.838449590003393,26.11427277599363,25.669395903138785,25.909629821777344,7573400,0.0,0.0,UGPA3.SA
2024-03-07 00:00:00-03:00,25.874038583682204,26.14096402574357,25.571522177575012,25.802858352661133,11884800,0.0,0.0,UGPA3.SA
2024-03-08 00:00:00-03:00,25.53220152869605,26.20884999734495,25.53220152869605,26.037433624267578,3885700,0.4,0.0,UGPA3.SA
2024-03-11 00:00:00-03:00,25.775792636558002,26.082540047237575,25.514156151452397,25.631441116333008,3694200,0.0,0.0,UGPA3.SA
2024-03-12 00:00:00-03:00,25.866012559088023,25.974277058789884,25.43295800189228,25.71263885498047,2994700,0.0,0.0,UGPA3.SA
2024-03-13 00:00:00-03:00,25.76677174306217,25.99232121982064,25.523179615975536,25.757749557495117,3155200,0.0,0.0,UGPA3.SA
2024-03-14 00:00:00-03:00,25.64046123797652,26.064493579411792,25.568285483672526,25.902097702026367,3220900,0.0,0.0,UGPA3.SA
2024-03-15 00:00:00-03:00,25.66752965057477,26.073517652643588,25.604374355278612,25.71263885498047,7292400,0.0,0.0,UGPA3.SA
2024-03-18 00:00:00-03:00,25.712639917025296,25.838947071222965,25.234474414867677,25.6133975982666,2681100,0.0,0.0,UGPA3.SA
2024-03-19 00:00:00-03:00,25.514157000313826,25.838947071222965,25.451001702409076,25.6133975982666,2744200,0.0,0.0,UGPA3.SA
2024-03-20 00:00:00-03:00,25.514156364831223,25.875035168411788,25.351760473018498,25.820903778076172,3946400,0.0,0.0,UGPA3.SA
2024-03-21 00:00:00-03:00,25.77579369025468,25.98329879396004,25.496112823486328,25.496112823486328,2548600,0.0,0.0,UGPA3.SA
2024-03-22 00:00:00-03:00,25.351762789234023,25.505136509869196,25.04501534796368,25.08110237121582,4413300,0.0,0.0,UGPA3.SA
2024-03-25 00:00:00-03:00,25.08110003772525,25.333716060211525,24.927726331359633,25.09012222290039,3764600,0.0,0.0,UGPA3.SA
2024-03-26 00:00:00-03:00,25.135232035702387,25.20740779310144,24.7292423248291,24.7292423248291,2900500,0.0,0.0,UGPA3.SA
2024-03-27 00:00:00-03:00,24.90066235620996,25.47806846090392,24.720222088090132,25.378826141357422,2863100,0.0,0.0,UGPA3.SA
2024-03-28 00:00:00-03:00,25.396868639475233,25.86601192534575,25.396868639475233,25.685571670532227,3752700,0.0,0.0,UGPA3.SA
2024-04-01 00:00:00-03:00,25.451001904444166,25.83894727633764,25.22545242969735,25.378826141357422,2443200,0.0,0.0,UGPA3.SA
2024-04-02 00:00:00-03:00,24.918706094284584,25.523178740085577,24.422496229961027,25.315671920776367,9615800,0.0,0.0,UGPA3.SA
2024-04-03 00:00:00-03:00,25.315671084487715,25.514155711982664,24.774352032565037,25.487089157104492,4790700,0.0,0.0,UGPA3.SA
2024-04-04 00:00:00-03:00,25.496111342063884,26.317111244504375,25.34273763936589,25.487089157104492,5215500,0.0,0.0,UGPA3.SA
2024-04-05 00:00:00-03:00,25.414915291934626,25.532200263534115,25.008925542540318,25.180343627929688,3251000,0.0,0.0,UGPA3.SA
2024-04-08 00:00:00-03:00,25.117188208109475,25.820903148538765,24.972836690196672,25.79383659362793,2682100,0.0,0.0,UGPA3.SA
2024-04-09 00:00:00-03:00,25.96525466645157,25.96525466645157,25.559264946818164,25.79383659362793,2285900,0.0,0.0,UGPA3.SA
2024-04-10 00:00:00-03:00,25.595353590476122,25.866012255343655,24.81044070907095,24.990880966186523,5274500,0.0,0.0,UGPA3.SA
2024-04-11 00:00:00-03:00,24.765331723499735,25.189364094411577,24.73826516845206,25.06305694580078,2640000,0.0,0.0,UGPA3.SA
2024-04-12 00:00:00-03:00,24.774352547756518,25.026968569455228,24.151837259865548,24.287166595458984,4500300,0.0,0.0,UGPA3.SA
2024-04-15 00:00:00-03:00,24.26912265112042,24.503694306642153,24.043573180904048,24.27814483642578,3511200,0.0,0.0,UGPA3.SA
2024-04-16 00:00:00-03:00,23.890200090124637,24.54880414719451,23.827046512159846,24.305212020874023,4715800,0.0,0.0,UGPA3.SA
2024-04-17 00:00:00-03:00,24.242057581617857,24.28716678690262,23.926287982206883,24.16988182067871,3040700,0.0,0.0,UGPA3.SA
2024-04-18 00:00:00-03:00,24.169882895084463,24.305212237760326,23.754870960631738,23.953353881835938,3280300,0.0,0.0,UGPA3.SA
2024-04-19 00:00:00-03:00,24.06161561754995,24.233033682962226,23.87215318297727,23.97139549255371,2560800,0.0,0.0,UGPA3.SA
2024-04-22 00:00:00-03:00,24.05259746038083,24.440542858258915,23.881179366265993,24.007488250732422,3253600,0.0,0.0,UGPA3.SA
2024-04-23 00:00:00-03:00,23.763893753483735,23.944334028866265,23.45714631781703,23.48421287536621,3628700,0.0,0.0,UGPA3.SA
2024-04-24 00:00:00-03:00,23.430077608613594,23.547364293083252,23.105287551879883,23.105287551879883,3036500,0.0,0.0,UGPA3.SA
2024-04-25 00:00:00-03:00,23.14137547478989,23.736825942993164,23.069199712607855,23.736825942993164,3895000,0.0,0.0,UGPA3.SA
2024-04-26 00:00:00-03:00,23.827045234632713,24.16085919844196,23.682693715365428,23.90824317932129,2958400,0.0,0.0,UGPA3.SA
2024-04-29 00:00:00-03:00,23.79095714603291,24.025527063696085,23.745846222785552,23.854110717773438,1780500,0.0,0.0,UGPA3.SA
2024-04-30 00:00:00-03:00,23.7548700591741,23.91726595254486,23.321815490722656,23.321815490722656,2815100,0.0,0.0,UGPA3.SA
2024-05-02 00:00:00-03:00,23.709759831571183,24.178901400101314,23.628561888385892,23.763891220092773,3293500,0.0,0.0,UGPA3.SA
2024-05-03 00:00:00-03:00,24.33227536032882,24.476626878458607,23.98944093497203,24.025527954101562,3296500,0.0,0.0,UGPA3.SA
2024-05-06 00:00:00-03:00,24.03455094021652,24.305211336336026,23.61051855667695,23.628562927246094,5408700,0.0,0.0,UGPA3.SA
2024-05-07 00:00:00-03:00,23.881175148412982,24.106724598430954,23.73682363806594,24.01650619506836,2542700,0.0,0.0,UGPA3.SA
2024-05-08 00:00:00-03:00,23.917267077600798,24.296190273021633,23.664651040384914,24.178903579711914,3743100,0.0,0.0,UGPA3.SA
2024-05-09 00:00:00-03:00,22.672233140928665,23.01506931672771,21.995584695900313,22.64516830444336,17337700,0.0,0.0,UGPA3.SA
2024-05-10 00:00:00-03:00,22.46472522903686,22.582011908532092,22.01362632194453,22.08580207824707,7148300,0.0,0.0,UGPA3.SA
2024-05-13 00:00:00-03:00,22.094825728638465,22.410595328712148,21.851231889655406,22.058738708496094,3864500,0.0,0.0,UGPA3.SA
2024-05-14 00:00:00-03:00,22.121891683183584,22.56396842295088,22.121891683183584,22.33841896057129,5563200,0.0,0.0,UGPA3.SA
2024-05-15 00:00:00-03:00,22.56396889364499,22.77147399036946,22.121892144655785,22.672231674194336,3938000,0.0,0.0,UGPA3.SA
2024-05-16 00:00:00-03:00,23.06017787645887,23.16844238177444,22.572991904553632,22.735387802124023,2791000,0.0,0.0,UGPA3.SA
2024-05-17 00:00:00-03:00,22.636144404784186,22.798540294624146,22.23015468018429,22.410594940185547,3211500,0.0,0.0,UGPA3.SA
2024-05-20 00:00:00-03:00,22.29330909557664,22.50081591864448,22.157979755875637,22.239177703857422,1753900,0.0,0.0,UGPA3.SA
2024-05-21 00:00:00-03:00,22.2211328911934,22.392550969169516,22.103847924666084,22.212112426757812,2929700,0.0,0.0,UGPA3.SA
2024-05-22 00:00:00-03:00,22.05873724513722,22.627121110919017,22.031670691221606,22.08580207824707,5757000,0.0,0.0,UGPA3.SA
2024-05-23 00:00:00-03:00,22.031669508625495,22.18504319763646,21.53546142578125,21.53546142578125,6645300,0.0,0.0,UGPA3.SA
2024-05-24 00:00:00-03:00,21.535462702749342,22.049715184395243,21.499373963992408,21.50839614868164,2729500,0.0,0.0,UGPA3.SA
2024-05-27 00:00:00-03:00,21.508395965114417,21.76101197183964,21.481329411277716,21.625680923461914,1264600,0.0,0.0,UGPA3.SA
2024-05-28 00:00:00-03:00,21.87829693018714,21.87829693018714,21.49035159588995,21.625680923461914,3145200,0.0,0.0,UGPA3.SA
2024-05-29 00:00:00-03:00,21.31893495202389,21.544484419958494,21.27382574675932,21.2918701171875,2461300,0.0,0.0,UGPA3.SA
2024-05-31 00:00:00-03:00,21.165563363538517,21.273827876138323,20.81370670899974,20.903926849365234,18564600,0.0,0.0,UGPA3.SA
2024-06-03 00:00:00-03:00,20.958057387457465,21.048277524130288,20.624245118815796,20.768596649169922,3218900,0.0,0.0,UGPA3.SA
2024-06-04 00:00:00-03:00,20.651309755548745,20.77761863399164,20.281408747492613,20.732507705688477,5828400,0.0,0.0,UGPA3.SA
2024-06-05 00:00:00-03:00,20.597177092520756,20.912946687951028,20.534023517595873,20.759572982788086,5016500,0.0,0.0,UGPA3.SA
2024-06-06 00:00:00-03:00,20.759575104923336,21.003168965225573,20.55206998872782,20.678377151489258,2913000,0.0,0.0,UGPA3.SA
2024-06-07 00:00:00-03:00,20.47989010685809,20.570108507387705,19.99270248413086,19.99270248413086,5602200,0.0,0.0,UGPA3.SA
2024-06-10 00:00:00-03:00,19.920530111379584,20.452827024692837,19.920530111379584,20.308475494384766,2990300,0.0,0.0,UGPA3.SA
2024-06-11 00:00:00-03:00,20.53402456450564,20.705442648616966,20.191188396282985,20.5069580078125,4156000,0.0,0.0,UGPA3.SA
2024-06-12 00:00:00-03:00,20.497934238306712,20.660330124304807,19.694978713989258,19.694978713989258,6189900,0.0,0.0,UGPA3.SA
2024-06-13 00:00:00-03:00,19.69498020403372,19.83933173121847,19.433343706313593,19.586715698242188,3955500,0.0,0.0,UGPA3.SA
2024-06-14 00:00:00-03:00,20.037812908747416,20.254341901504787,19.55964916182318,19.622802734375,4911600,0.0,0.0,UGPA3.SA
2024-06-17 00:00:00-03:00,19.46040916442871,19.694980833806145,19.30703544678985,19.46040916442871,3383200,0.0,0.0,UGPA3.SA
2024-06-18 00:00:00-03:00,19.460407891072883,19.622803783923956,19.216814051796277,19.370187759399414,3012800,0.0,0.0,UGPA3.SA
2024-06-19 00:00:00-03:00,19.198772029962566,19.577695218738338,19.180727658876588,19.550628662109375,1561900,0.0,0.0,UGPA3.SA
2024-06-20 00:00:00-03:00,19.694978886105527,19.776176829814172,19.234857778691822,19.424320220947266,3563200,0.0,0.0,UGPA3.SA
2024-06-21 00:00:00-03:00,19.261923508137123,19.73106678039362,19.261923508137123,19.478450775146484,6131000,0.0,0.0,UGPA3.SA
2024-06-24 00:00:00-03:00,19.66791281570616,19.938573208336862,19.406276329049604,19.91150665283203,5043800,0.0,0.0,UGPA3.SA
2024-06-25 00:00:00-03:00,19.857376102318046,19.875420473417627,19.505519469905966,19.586715698242188,2899900,0.0,0.0,UGPA3.SA
2024-06-26 00:00:00-03:00,19.424322555293003,19.613783299511336,19.234860090268633,19.415300369262695,4108200,0.0,0.0,UGPA3.SA
2024-06-27 00:00:00-03:00,19.424319253759244,19.902482986450195,19.388230515771987,19.902482986450195,4151800,0.0,0.0,UGPA3.SA
2024-06-28 00:00:00-03:00,19.81226450633644,19.81226450633644,19.48747444152832,19.48747444152832,3528100,0.0,0.0,UGPA3.SA
2024-07-01 00:00:00-03:00,19.4604091650467,19.731069577785867,19.343124190757255,19.61378288269043,3054000,0.0,0.0,UGPA3.SA
2024-07-02 00:00:00-03:00,19.61378180333088,19.640848359357104,19.288990014239783,19.40627670288086,2809000,0.0,0.0,UGPA3.SA
2024-07-03 00:00:00-03:00,19.460409152258034,19.992706070742,19.45138696642539,19.731069564819336,2893400,0.0,0.0,UGPA3.SA
2024-07-04 00:00:00-03:00,19.94759686238478,20.091948394095077,19.72204737898669,19.731069564819336,2138900,0.0,0.0,UGPA3.SA
2024-07-05 00:00:00-03:00,19.848351804839403,20.04683470339772,19.60475798333208,19.93857192993164,2706700,0.0,0.0,UGPA3.SA
2024-07-08 00:00:00-03:00,20.11901324705876,20.380651473999023,19.613782885664104,20.380651473999023,3218200,0.0,0.0,UGPA3.SA
2024-07-09 00:00:00-03:00,20.33554186145641,20.94903499912578,20.191188611692247,20.732507705688477,4626600,0.0,0.0,UGPA3.SA
2024-07-10 00:00:00-03:00,20.958054396576937,21.102405906330958,20.479890665818896,20.75054931640625,5481700,0.0,0.0,UGPA3.SA
2024-07-11 00:00:00-03:00,20.79566128813409,21.01219030241512,20.678376316137335,20.885881423950195,4212600,0.0,0.0,UGPA3.SA
2024-07-12 00:00:00-03:00,20.831749356113693,20.92196948900787,20.443803989232855,20.47989273071289,3227000,0.0,0.0,UGPA3.SA
2024-07-15 00:00:00-03:00,20.561092617056282,20.642288851430987,20.128036282490122,20.2092342376709,2864900,0.0,0.0,UGPA3.SA
2024-07-16 00:00:00-03:00,20.227276270165653,20.6783752041829,20.227276270165653,20.335540771484375,4107100,0.0,0.0,UGPA3.SA
2024-07-17 00:00:00-03:00,20.461848202851993,20.958056348750873,20.299452309050647,20.940011978149414,4324100,0.0,0.0,UGPA3.SA
2024-07-18 00:00:00-03:00,20.73250510285274,20.876856613688517,20.36260414123535,20.36260414123535,3938300,0.0,0.0,UGPA3.SA
2024-07-19 00:00:00-03:00,20.091946800723882,20.967078107416913,20.073902430489586,20.949033737182617,4652200,0.0,0.0,UGPA3.SA
2024-07-22 00:00:00-03:00,20.976100913287784,21.147518993974714,20.642286937298064,20.82272720336914,3950500,0.0,0.0,UGPA3.SA
2024-07-23 00:00:00-03:00,20.976100683445708,21.09338565054264,20.470870353110946,20.597177505493164,4563900,0.0,0.0,UGPA3.SA
2024-07-24 00:00:00-03:00,20.3986954224618,20.80468345199997,20.389673236809045,20.543046951293945,3314000,0.0,0.0,UGPA3.SA
2024-07-25 00:00:00-03:00,20.543044779280216,20.570109612570956,20.04683494567871,20.04683494567871,4412400,0.0,0.0,UGPA3.SA
2024-07-26 00:00:00-03:00,20.00172582041298,20.660329818725586,19.848352121550583,20.660329818725586,4217300,0.0,0.0,UGPA3.SA
2024-07-29 00:00:00-03:00,20.479892101543154,20.606199251231136,20.353583231049317,20.45282554626465,1857400,0.0,0.0,UGPA3.SA
2024-07-30 00:00:00-03:00,20.425760695481102,20.68739892258902,20.22727776929323,20.263364791870117,3215600,0.0,0.0,UGPA3.SA
2024-07-31 00:00:00-03:00,20.27238676105795,20.44380484868265,19.848354355676825,20.03781509399414,4788100,0.0,0.0,UGPA3.SA
2024-08-01 00:00:00-03:00,20.082925169981525,20.534024113456027,20.082925169981525,20.326519012451172,4588400,0.0,0.0,UGPA3.SA
2024-08-02 00:00:00-03:00,20.479892114756893,20.723484229197187,20.082924574445297,20.606199264526367,5257200,0.0,0.0,UGPA3.SA
2024-08-05 00:00:00-03:00,20.082925378123633,20.2994526667388,19.63182642997388,19.974660873413086,9106600,0.0,0.0,UGPA3.SA
2024-08-06 00:00:00-03:00,20.055857949475428,20.29042959880802,19.938572985212055,19.95661735534668,8325700,0.0,0.0,UGPA3.SA
2024-08-07 00:00:00-03:00,20.119012081093636,21.55350685119629,20.01977148421762,21.55350685119629,11822600,0.0,0.0,UGPA3.SA
2024-08-08 00:00:00-03:00,20.344560401204145,20.79565931671471,19.956616779341932,20.272384643554688,18239500,0.0,0.0,UGPA3.SA
2024-08-09 00:00:00-03:00,20.389673883847873,21.273827456203676,20.389673883847873,20.79566192626953,6194200,0.0,0.0,UGPA3.SA
2024-08-12 00:00:00-03:00,21.156540746360598,21.156540746360598,20.831748962402344,20.831748962402344,3750000,0.0,0.0,UGPA3.SA
2024-08-13 00:00:00-03:00,21.10240665966218,21.5805721282959,21.0031660686671,21.5805721282959,5848100,0.0,0.0,UGPA3.SA
2024-08-14 00:00:00-03:00,21.427199453787086,21.688837662578045,21.2918701171875,21.2918701171875,5771200,0.0,0.0,UGPA3.SA
2024-08-15 00:00:00-03:00,21.400133760649663,21.634705423252463,21.13849726211966,21.427200317382812,7459800,0.0,0.0,UGPA3.SA
2024-08-16 00:00:00-03:00,21.782796713305288,21.983392861890025,21.582202303832673,21.883094787597656,9037600,0.25,0.0,UGPA3.SA
2024-08-19 00:00:00-03:00,21.97427625220432,22.275168757264144,21.61867475414289,21.837507247924805,11137100,0.0,0.0,UGPA3.SA
2024-08-20 00:00:00-03:00,21.846625366912217,21.946923456073648,21.527498245239258,21.527498245239258,4889300,0.0,0.0,UGPA3.SA
2024-08-21 00:00:00-03:00,21.60955810546875,21.873977945807564,21.481905528890355,21.60955810546875,6166700,0.0,0.0,UGPA3.SA
2024-08-22 00:00:00-03:00,21.782798185296997,21.819270847181485,21.463671089368937,21.509260177612305,5179900,0.0,0.0,UGPA3.SA
2024-08-23 00:00:00-03:00,21.709855836062598,21.883097511647932,21.5092614016196,21.563968658447266,5148200,0.0,0.0,UGPA3.SA
2024-08-26 00:00:00-03:00,21.70073577071617,21.828388344291053,21.518377684214062,21.646028518676758,6092000,0.0,0.0,UGPA3.SA
2024-08-27 00:00:00-03:00,21.66426673233598,21.755446653069402,21.42719963407402,21.48190689086914,3598400,0.0,0.0,UGPA3.SA
2024-08-28 00:00:00-03:00,21.481907575922534,21.55485116701296,21.29954946775267,21.427200317382812,2840100,0.0,0.0,UGPA3.SA
2024-08-29 00:00:00-03:00,21.41808105457609,21.554850063479485,20.889239611467257,21.108070373535156,4797900,0.0,0.0,UGPA3.SA
2024-08-30 00:00:00-03:00,20.97130020099012,21.408961700841246,20.68864403305863,21.29954719543457,14134300,0.0,0.0,UGPA3.SA
2024-09-02 00:00:00-03:00,21.345136476187403,21.35425464157259,20.57922797495395,20.624818801879883,3278800,0.0,0.0,UGPA3.SA
2024-09-03 00:00:00-03:00,20.570111893623835,20.834533499247378,20.497168302264303,20.68864631652832,4553000,0.0,0.0,UGPA3.SA
2024-09-04 00:00:00-03:00,20.971299233437403,21.06247914314434,20.7068776691985,20.88011932373047,5070800,0.0,0.0,UGPA3.SA
2024-09-05 00:00:00-03:00,20.852767864361088,21.26307487487793,20.706878956294567,21.26307487487793,5947500,0.0,0.0,UGPA3.SA
2024-09-06 00:00:00-03:00,21.244839884977825,21.381610636228793,20.95306552865214,20.989538192749023,4413900,0.0,0.0,UGPA3.SA
2024-09-09 00:00:00-03:00,21.47278738133406,22.12928137824805,21.399843797133865,21.691619873046875,7032200,0.0,0.0,UGPA3.SA
2024-09-10 00:00:00-03:00,21.755446542339822,21.755446542339822,20.82541448599476,20.843650817871094,4941000,0.0,0.0,UGPA3.SA
2024-09-11 00:00:00-03:00,20.861885423841645,21.135425184822825,20.75247091073904,20.92571258544922,4222100,0.0,0.0,UGPA3.SA
2024-09-12 00:00:00-03:00,20.843651161668703,21.0716000965457,20.68864581638785,20.807178497314453,4406300,0.0,0.0,UGPA3.SA
2024-09-13 00:00:00-03:00,21.0898329290423,21.12630559035183,20.7889404296875,20.7889404296875,4895100,0.0,0.0,UGPA3.SA
2024-09-16 00:00:00-03:00,20.80717870264406,21.035127639770508,20.734235112328093,21.035127639770508,3242800,0.0,0.0,UGPA3.SA
2024-09-17 00:00:00-03:00,20.788941174232136,21.071599092167617,20.69776299591723,21.062480926513672,4014300,0.0,0.0,UGPA3.SA
2024-09-18 00:00:00-03:00,20.934828216754784,20.989537210339467,20.405986785888672,20.405986785888672,6928000,0.0,0.0,UGPA3.SA
2024-09-19 00:00:00-03:00,20.606583959749123,20.643054884812344,20.09597883507762,20.168922424316406,5214300,0.0,0.0,UGPA3.SA
2024-09-20 00:00:00-03:00,20.086860200286967,20.086860200286967,19.466838836669922,19.466838836669922,9572100,0.0,0.0,UGPA3.SA
2024-09-23 00:00:00-03:00,19.42124866736749,19.457721331931122,19.16594697187154,19.248008728027344,4184500,0.0,0.0,UGPA3.SA
2024-09-24 00:00:00-03:00,19.36654094893678,19.667433467979535,19.12035568632571,19.61272621154785,5998800,0.0,0.0,UGPA3.SA
2024-09-25 00:00:00-03:00,19.74037588195637,19.74037588195637,18.965349215643766,19.04741096496582,7407400,0.0,0.0,UGPA3.SA
2024-09-26 00:00:00-03:00,19.18418469743699,19.421250077868393,19.02917934000877,19.36654281616211,4219700,0.0,0.0,UGPA3.SA
2024-09-27 00:00:00-03:00,19.330070859975468,19.603608893071033,19.17506551079134,19.457721710205078,7858900,0.0,0.0,UGPA3.SA
2024-09-30 00:00:00-03:00,19.339187622070312,19.576254733110787,19.311834861754537,19.339187622070312,4572000,0.0,0.0,UGPA3.SA
2024-10-01 00:00:00-03:00,19.585371872562476,19.71302445742111,19.33918660795548,19.512428283691406,4362000,0.0,0.0,UGPA3.SA
2024-10-02 00:00:00-03:00,19.92273707095843,19.995680659876815,19.59449005126953,19.59449005126953,4650100,0.0,0.0,UGPA3.SA
2024-10-03 00:00:00-03:00,19.320952318042238,19.320952318042238,18.865054445671056,19.248008728027344,4447100,0.0,0.0,UGPA3.SA
2024-10-04 00:00:00-03:00,19.11123815654663,19.31183433532715,19.047412732066423,19.31183433532715,3580800,0.0,0.0,UGPA3.SA
2024-10-07 00:00:00-03:00,19.457719211345324,19.548899123704857,19.083883135872206,19.184181213378906,3455300,0.0,0.0,UGPA3.SA
2024-10-08 00:00:00-03:00,19.047412882310052,19.14771097249145,18.965351124727523,19.129474639892578,3565200,0.0,0.0,UGPA3.SA
2024-10-09 00:00:00-03:00,18.965349519459586,19.01094034709786,18.65533884796832,18.865053176879883,4018100,0.0,0.0,UGPA3.SA
2024-10-10 00:00:00-03:00,18.75563646149121,19.138590708532348,18.691811043503055,19.06564712524414,3342400,0.0,0.0,UGPA3.SA
2024-10-11 00:00:00-03:00,18.865052518030577,19.038292439668982,18.819461691984532,19.001821517944336,2076500,0.0,0.0,UGPA3.SA
2024-10-14 00:00:00-03:00,18.96535026424627,19.1203556060791,18.6826940782378,19.1203556060791,3832900,0.0,0.0,UGPA3.SA
2024-10-15 00:00:00-03:00,19.22065434694575,19.284479771209387,18.737401973201614,18.8194637298584,8191500,0.0,0.0,UGPA3.SA
2024-10-16 00:00:00-03:00,18.947112970542104,19.421245355223096,18.64622049565652,19.275358200073242,7227200,0.0,0.0,UGPA3.SA
2024-10-17 00:00:00-03:00,18.983586054880366,19.102120468903696,18.77387346282342,19.010940551757812,3233300,0.0,0.0,UGPA3.SA
2024-10-18 00:00:00-03:00,19.0291782687651,19.25712720867353,18.874172920062875,18.965351104736328,4833400,0.0,0.0,UGPA3.SA
2024-10-21 00:00:00-03:00,18.928879326175654,19.129473758180293,18.846817572375503,19.038293838500977,3160400,0.0,0.0,UGPA3.SA
2024-10-22 00:00:00-03:00,18.928879588790146,18.9835868457118,18.518570814096872,18.52768898010254,4745700,0.0,0.0,UGPA3.SA
2024-10-23 00:00:00-03:00,18.299739864564295,18.527688795092722,18.27238710593277,18.463863372802734,4604200,0.0,0.0,UGPA3.SA
2024-10-24 00:00:00-03:00,18.527686924786643,18.691810416457383,18.354445268121733,18.62798500061035,4726400,0.0,0.0,UGPA3.SA
2024-10-25 00:00:00-03:00,18.609749292201208,18.673574710180056,18.29062046319476,18.32709312438965,3538100,0.0,0.0,UGPA3.SA
2024-10-28 00:00:00-03:00,18.682694578713242,19.29359779652383,18.59151465652568,19.083885192871094,6404300,0.0,0.0,UGPA3.SA
2024-10-29 00:00:00-03:00,19.156827076968117,19.530663159447545,19.02005807542163,19.22977066040039,6949400,0.0,0.0,UGPA3.SA
2024-10-30 00:00:00-03:00,19.147710778517062,19.49419239882364,18.96535093260052,18.98358726501465,3597300,0.0,0.0,UGPA3.SA
2024-10-31 00:00:00-03:00,18.947114623992817,19.147709045051048,18.80122745611188,19.04741096496582,4183400,0.0,0.0,UGPA3.SA
2024-11-01 00:00:00-03:00,19.047414238033703,19.093005072775867,18.564163563554402,18.691814422607422,3412000,0.0,0.0,UGPA3.SA
2024-11-04 00:00:00-03:00,18.892404668474356,19.42124605985783,18.82857925316961,19.30271339416504,3077700,0.0,0.0,UGPA3.SA
2024-11-05 00:00:00-03:00,19.156828987684197,19.503310608767773,18.99270547381373,19.31183433532715,3565200,0.0,0.0,UGPA3.SA
2024-11-06 00:00:00-03:00,19.22977093690731,19.858910440002266,18.83769851815411,19.70390510559082,5046900,0.0,0.0,UGPA3.SA
2024-11-07 00:00:00-03:00,19.33918705152829,19.685670410947246,18.98358726501465,18.98358726501465,4573000,0.0,0.0,UGPA3.SA
2024-11-08 00:00:00-03:00,18.281502557020822,18.83769847434103,18.181206215537674,18.719165802001953,6526200,0.0,0.0,UGPA3.SA
2024-11-11 00:00:00-03:00,18.509454561863805,18.855937949454173,18.49121996707946,18.691814422607422,3996200,0.0,0.0,UGPA3.SA
2024-11-12 00:00:00-03:00,18.81034308315728,18.81946124815145,18.37268159811007,18.62798500061035,4642300,0.0,0.0,UGPA3.SA
2024-11-13 00:00:00-03:00,18.62798727527706,19.020059722341607,18.390920173816816,18.755638122558594,5206800,0.0,0.0,UGPA3.SA
2024-11-14 00:00:00-03:00,18.755638489703625,18.91976200462826,17.58854103088379,17.58854103088379,9281100,0.0,0.0,UGPA3.SA
2024-11-18 00:00:00-03:00,17.597657543006314,17.85296098291177,16.831748962402344,16.831748962402344,9901500,0.0,0.0,UGPA3.SA
2024-11-19 00:00:00-03:00,16.831748249574105,17.014108090228223,16.667626479920195,16.740570068359375,5917300,0.0,0.0,UGPA3.SA
2024-11-21 00:00:00-03:00,16.713215342277792,16.749688005555445,16.430559158325195,16.430559158325195,7985400,0.0,0.0,UGPA3.SA
2024-11-22 00:00:00-03:00,16.713215913934025,16.777041337740688,16.330261631981674,16.704097747802734,6571000,0.0,0.0,UGPA3.SA
2024-11-25 00:00:00-03:00,16.83174845906639,16.96851921081543,16.539974101678165,16.96851921081543,13034300,0.0,0.0,UGPA3.SA
2024-11-26 00:00:00-03:00,17.050580265805728,17.542949038894445,16.895574927421592,16.941164016723633,7452200,0.0,0.0,UGPA3.SA
2024-11-27 00:00:00-03:00,17.04146217779266,17.159994853985573,16.30290640612505,16.448795318603516,6601300,0.0,0.0,UGPA3.SA
2024-11-28 00:00:00-03:00,16.357615867033914,16.39408679185956,15.500527394726968,15.582589149475098,8347400,0.0,0.0,UGPA3.SA
2024-11-29 00:00:00-03:00,15.774065955449634,16.530856366833607,15.363758906836576,16.357616424560547,6794500,0.0,0.0,UGPA3.SA
2024-12-02 00:00:00-03:00,16.1023110690679,16.41232172975899,15.710238660599039,16.193490982055664,9629700,0.0,0.0,UGPA3.SA
2024-12-03 00:00:00-03:00,16.22996380521853,16.3940873200021,15.938189440764361,16.111431121826172,7718300,0.0,0.0,UGPA3.SA
2024-12-04 00:00:00-03:00,16.01113441767998,16.448797741354436,15.919954486118112,16.229965209960938,7379100,0.0,0.0,UGPA3.SA
2024-12-05 00:00:00-03:00,16.430558513230473,16.795276436125974,16.366733094112792,16.649389266967773,5993200,0.0,0.0,UGPA3.SA
2024-12-06 00:00:00-03:00,16.585565333620394,16.603799927064486,15.91083668104203,16.111431121826172,6342100,0.0,0.0,UGPA3.SA
2024-12-09 00:00:00-03:00,16.084074869783585,16.421440028855248,15.983778529880285,16.011131286621094,5359300,0.0,0.0,UGPA3.SA
2024-12-10 00:00:00-03:00,16.503502958081725,16.88645723186218,16.284672192937514,16.65850830078125,7118000,0.0,0.0,UGPA3.SA
2024-12-11 00:00:00-03:00,16.667624960467258,17.305880866347373,16.339377972858404,16.86821937561035,5685400,0.0,0.0,UGPA3.SA
2024-12-12 00:00:00-03:00,16.76792241767859,16.76792241767859,15.77406496251524,15.947306632995605,6936900,0.0,0.0,UGPA3.SA
2024-12-13 00:00:00-03:00,15.628178821584322,15.819656836156206,15.37287712097168,15.37287712097168,6886600,0.0,0.0,UGPA3.SA
2024-12-16 00:00:00-03:00,15.372875198466428,15.491407867625606,14.907859208788697,14.953448295593262,6140800,0.0,0.0,UGPA3.SA
2024-12-17 00:00:00-03:00,14.96256738919975,15.299932565468369,14.834916546936523,15.290814399719238,7104300,0.0,0.0,UGPA3.SA
2024-12-18 00:00:00-03:00,15.208752786706668,15.236105545092864,14.506669669589169,14.625204086303711,11287800,0.0,0.0,UGPA3.SA
2024-12-19 00:00:00-03:00,14.670793374776247,14.898742306343172,14.48843440343394,14.77109146118164,7180500,0.0,0.0,UGPA3.SA
2024-12-20 00:00:00-03:00,14.67079240034537,15.154044729250174,14.63431973894325,15.008155822753906,13316900,0.0,0.0,UGPA3.SA
2024-12-23 00:00:00-03:00,14.816680908203125,14.926097163196223,14.679911893796033,14.816680908203125,5068400,0.0,0.0,UGPA3.SA
2024-12-26 00:00:00-03:00,14.707263725403394,14.898741724783848,14.451962045045809,14.488433837890625,3899200,0.0,0.0,UGPA3.SA
2024-12-27 00:00:00-03:00,14.661675068658111,14.689029566265079,14.33342892337991,14.4519624710083,6248400,0.0,0.0,UGPA3.SA
2024-12-30 00:00:00-03:00,14.406373120501215,14.570495765303393,14.24224960614284,14.479316711425781,5849500,0.0,0.0,UGPA3.SA
2025-01-02 00:00:00-03:00,14.424607803981711,14.68902939373978,14.30607425774552,14.461079597473145,5286000,0.0,0.0,UGPA3.SA
2025-01-03 00:00:00-03:00,14.46108007299487,14.561378160561507,14.132833920778307,14.178423881530762,7585400,0.0,0.0,UGPA3.SA
2025-01-06 00:00:00-03:00,14.296957214323983,14.51578797914172,14.187541831915116,14.44284439086914,4884500,0.0,0.0,UGPA3.SA
2025-01-07 00:00:00-03:00,15.327285174746946,15.53699950671562,14.8440345685224,14.971685409545898,9552900,0.0,0.0,UGPA3.SA
2025-01-08 00:00:00-03:00,14.816680983591958,14.880506408032527,14.524906620942282,14.72550106048584,5575800,0.0,0.0,UGPA3.SA
2025-01-09 00:00:00-03:00,14.60696710726651,14.743736110472899,14.296956439138839,14.424607276916504,5030600,0.0,0.0,UGPA3.SA
2025-01-10 00:00:00-03:00,14.333428967926196,14.415490721889821,13.968710158038544,14.196659088134766,6338000,0.0,0.0,UGPA3.SA
2025-01-13 00:00:00-03:00,14.205777939898953,14.397255085206703,14.123716181973316,14.141952514648438,3668200,0.0,0.0,UGPA3.SA
2025-01-14 00:00:00-03:00,14.050771925399323,14.27872085571289,13.850176623247659,14.27872085571289,4115300,0.0,0.0,UGPA3.SA
2025-01-15 00:00:00-03:00,14.54314195897984,15.081102457220233,14.306074856584056,15.07198429107666,12933700,0.0,0.0,UGPA3.SA
2025-01-16 00:00:00-03:00,14.99903963182897,14.99903963182897,14.324310167758037,14.497550964355469,4975100,0.0,0.0,UGPA3.SA
2025-01-17 00:00:00-03:00,14.6343199685347,14.844034296662578,14.38813558710086,14.497550964355469,4011400,0.0,0.0,UGPA3.SA
2025-01-20 00:00:00-03:00,14.47019720316418,14.935212334792432,14.205776493196698,14.679910659790039,4847400,0.0,0.0,UGPA3.SA
2025-01-21 00:00:00-03:00,14.780206530957926,14.935211859755874,14.488433073156035,14.880504608154297,7966700,0.0,0.0,UGPA3.SA
2025-01-22 00:00:00-03:00,14.889624435107871,15.16316246275758,14.707264590599822,14.989922523498535,7183800,0.0,0.0,UGPA3.SA
2025-01-23 00:00:00-03:00,15.053747025746397,15.172279700041356,14.698147263749258,14.734618186950684,4085800,0.0,0.0,UGPA3.SA
2025-01-24 00:00:00-03:00,14.64343816848165,14.898741585565874,14.60696724553376,14.661674499511719,2779500,0.0,0.0,UGPA3.SA
2025-01-27 00:00:00-03:00,14.670792308352931,15.354639053344727,14.506668811296949,15.354639053344727,9222100,0.0,0.0,UGPA3.SA
2025-01-28 00:00:00-03:00,15.336404040930509,15.345522207007576,14.853153412632459,14.91697883605957,4675500,0.0,0.0,UGPA3.SA
2025-01-29 00:00:00-03:00,15.062865428428765,15.263459856974805,14.889623757936286,15.044629096984863,5618700,0.0,0.0,UGPA3.SA
2025-01-30 00:00:00-03:00,15.190516791437826,15.67376915660593,15.144927700376382,15.573471069335938,5727300,0.0,0.0,UGPA3.SA
2025-01-31 00:00:00-03:00,15.755830013639331,15.755830013639331,15.081101417541504,15.081101417541504,6689600,0.0,0.0,UGPA3.SA
2025-02-03 00:00:00-03:00,15.035511144642687,15.336403661288074,14.798444049844454,15.272578239440918,6319100,0.0,0.0,UGPA3.SA
2025-02-04 00:00:00-03:00,15.163161277770996,15.226988435739438,14.780207025521495,15.163161277770996,5812200,0.0,0.0,UGPA3.SA
2025-02-05 00:00:00-03:00,15.22698920764772,15.22698920764772,14.61608600616455,14.61608600616455,5159400,0.0,0.0,UGPA3.SA
2025-02-06 00:00:00-03:00,14.634319470624758,14.953448295593262,14.543140427459537,14.953448295593262,4070200,0.0,0.0,UGPA3.SA
2025-02-07 00:00:00-03:00,14.871387002477547,14.935212421599113,14.58873082960537,14.670792579650879,4043900,0.0,0.0,UGPA3.SA
2025-02-10 00:00:00-03:00,14.771091111286822,15.299932550430498,14.74373661406632,15.208752632141113,5132000,0.0,0.0,UGPA3.SA
2025-02-11 00:00:00-03:00,15.290813635403445,15.609942464222057,15.126690138347461,15.354639053344727,5681400,0.0,0.0,UGPA3.SA
2025-02-12 00:00:00-03:00,15.144926179267573,15.172278935512276,14.679910192873729,14.880504608154297,11366700,0.0,0.0,UGPA3.SA
2025-02-13 00:00:00-03:00,14.862269528442054,15.245223800099586,14.825798604009693,15.099336624145508,6852000,0.0,0.0,UGPA3.SA
2025-02-14 00:00:00-03:00,15.254342250374787,15.856127297182605,15.144927735925558,15.819656372070312,6655600,0.0,0.0,UGPA3.SA
2025-02-17 00:00:00-03:00,15.728476643911739,16.147901852975448,15.692003979238875,15.965543746948242,7547300,0.0,0.0,UGPA3.SA
2025-02-18 00:00:00-03:00,16.002015785642218,16.020252119247207,15.518765118897448,15.701123237609863,9282400,0.0,0.0,UGPA3.SA
2025-02-19 00:00:00-03:00,15.454937904978983,15.764948584000214,15.27257806822098,15.290814399719238,6330200,0.0,0.0,UGPA3.SA
2025-02-20 00:00:00-03:00,15.290813450928464,15.372875198466428,14.953448295593262,14.953448295593262,8868700,0.0,0.0,UGPA3.SA
2025-02-21 00:00:00-03:00,14.916977373972047,15.071982703864624,14.844033791617433,14.953448295593262,4900100,0.0,0.0,UGPA3.SA
2025-02-24 00:00:00-03:00,15.026393251621752,15.226989425769059,14.798444318536061,14.844035148620605,5246800,0.0,0.0,UGPA3.SA
2025-02-25 00:00:00-03:00,14.980803606374431,15.381994200713043,14.816680102367169,15.135808944702148,7376200,0.0,0.0,UGPA3.SA
2025-02-26 00:00:00-03:00,15.363757893484243,15.363757893484243,14.798443794250488,14.798443794250488,5804600,0.0,0.0,UGPA3.SA
2025-02-27 00:00:00-03:00,15.245223880560424,15.746712572272587,15.099336703836387,15.591707229614258,14111700,0.0,0.0,UGPA3.SA
2025-02-28 00:00:00-03:00,15.391110196035884,15.58258819171675,15.11757218976291,15.163161277770996,17039400,0.0,0.0,UGPA3.SA
2025-03-05 00:00:00-03:00,15.163161322588735,15.327284822482511,14.588730812072754,14.588730812072754,5500300,0.0,0.0,UGPA3.SA
2025-03-06 00:00:00-03:00,14.679910727470656,14.771090642868558,14.34254556223209,14.588730812072754,7478100,0.0,0.0,UGPA3.SA
2025-03-07 00:00:00-03:00,14.401246576913222,15.048599513865664,14.316809159508159,14.99230670928955,6803200,0.450164,0.0,UGPA3.SA
2025-03-10 00:00:00-03:00,14.814051741241038,14.898489164950831,14.579503739704778,14.823433876037598,7398200,0.0,0.0,UGPA3.SA
2025-03-11 00:00:00-03:00,14.76714074718703,14.907870073369631,14.391864333492517,14.438774108886719,6659400,0.0,0.0,UGPA3.SA
2025-03-12 00:00:00-03:00,14.420010857759998,14.814051567292404,14.420010857759998,14.720232009887695,5894100,0.0,0.0,UGPA3.SA
2025-03-13 00:00:00-03:00,14.579502779259304,15.311292245320471,14.523210868917877,15.179945945739746,5236000,0.0,0.0,UGPA3.SA
2025-03-14 00:00:00-03:00,15.330055468519522,16.13690105827076,15.320673334980668,16.061845779418945,9016300,0.0,0.0,UGPA3.SA
2025-03-17 00:00:00-03:00,16.06184714885147,16.540323473914775,16.02431861149638,16.371450424194336,6694700,0.0,0.0,UGPA3.SA
2025-03-18 00:00:00-03:00,16.427741079221235,16.427741079221235,16.146282423629955,16.16504669189453,5637300,0.0,0.0,UGPA3.SA
2025-03-19 00:00:00-03:00,16.249483678727056,16.540322671279128,16.155664129351177,16.29639434814453,7131400,0.0,0.0,UGPA3.SA
2025-03-20 00:00:00-03:00,16.315158182114498,16.793636313176123,16.287013567584484,16.615379333496094,7252700,0.0,0.0,UGPA3.SA
2025-03-21 00:00:00-03:00,16.690435844664457,16.831164280918696,16.5590877532959,16.5590877532959,9267200,0.0,0.0,UGPA3.SA
2025-03-24 00:00:00-03:00,16.690435718010406,16.690435718010406,16.315157504901325,16.36206817626953,6564700,0.0,0.0,UGPA3.SA
2025-03-25 00:00:00-03:00,16.50279718843767,17.00941993071318,16.36206874833109,16.596616744995117,4955200,0.0,0.0,UGPA3.SA
2025-03-26 00:00:00-03:00,16.737345408685616,16.94374700430184,16.6247615814209,16.6247615814209,4532800,0.0,0.0,UGPA3.SA
2025-03-27 00:00:00-03:00,16.65290707857898,16.849926528737278,16.48403224160951,16.54032325744629,6004400,0.0,0.0,UGPA3.SA
2025-03-28 00:00:00-03:00,16.3808299938627,16.68105291011811,16.315156846058386,16.484031677246094,3318200,0.0,0.0,UGPA3.SA
2025-03-31 00:00:00-03:00,16.371450856956457,16.549706045727657,16.052465438842773,16.052465438842773,12290300,0.0,0.0,UGPA3.SA
2025-04-01 00:00:00-03:00,15.996171432249898,16.51217805908771,15.958644686174987,16.29639434814453,9017700,0.0,0.0,UGPA3.SA
2025-04-02 00:00:00-03:00,16.343303680419922,16.51217851607847,16.230719860161184,16.343303680419922,3652300,0.0,0.0,UGPA3.SA
2025-04-03 00:00:00-03:00,16.23071967517776,16.78425305710138,16.18381079445573,16.681053161621094,5130800,0.0,0.0,UGPA3.SA
2025-04-04 00:00:00-03:00,16.258866852819718,16.268248987303462,15.761624461936341,15.949263572692871,7236100,0.0,0.0,UGPA3.SA
2025-04-07 00:00:00-03:00,15.864825341279056,16.28701242418251,15.376965109803754,15.695950508117676,9837200,0.0,0.0,UGPA3.SA
2025-04-08 00:00:00-03:00,15.789769808718471,16.08999093427044,15.208090035867238,15.489548683166504,8943000,0.0,0.0,UGPA3.SA
2025-04-09 00:00:00-03:00,15.339437946157556,16.071226484013696,15.255000531872764,15.827298164367676,8735100,0.0,0.0,UGPA3.SA
2025-04-10 00:00:00-03:00,15.620894957642026,15.780387654063677,15.395729113774824,15.752243041992188,4473300,0.0,0.0,UGPA3.SA
2025-04-11 00:00:00-03:00,15.968028570931832,15.968028570931832,15.573987851914339,15.742862701416016,4509000,0.0,0.0,UGPA3.SA
2025-04-14 00:00:00-03:00,16.09937385097953,16.108755985291626,15.52707618415545,15.836679458618164,6695600,0.0,0.0,UGPA3.SA
2025-04-15 00:00:00-03:00,15.780388605060526,15.911734907867146,15.498931730629437,15.761624336242676,6126200,0.0,0.0,UGPA3.SA
2025-04-16 00:00:00-03:00,15.69595202685485,15.91173576145843,15.536459312265405,15.742862701416016,7531800,0.0,0.0,UGPA3.SA
2025-04-17 00:00:00-03:00,15.658424195161587,16.211957590536812,15.517695760116508,16.18381118774414,6002400,0.0,0.0,UGPA3.SA
2025-04-22 00:00:00-03:00,16.052465428432175,16.089992177295755,15.630278319596927,15.874208450317383,4591300,0.0,0.0,UGPA3.SA
2025-04-23 00:00:00-03:00,16.099373336650753,16.42774086924727,16.033700188023268,16.324539184570312,4314300,0.0,0.0,UGPA3.SA
2025-04-24 00:00:00-03:00,16.40897697435958,16.84992654621344,16.24948427144067,16.71858024597168,4345900,0.0,0.0,UGPA3.SA
2025-04-25 00:00:00-03:00,16.765490934121956,17.037565669107426,16.624760710052467,16.89683723449707,4195700,0.0,0.0,UGPA3.SA
2025-04-28 00:00:00-03:00,16.981274309810082,17.23458656066247,16.774870939726316,16.868690490722656,4470900,0.0,0.0,UGPA3.SA
2025-04-29 00:00:00-03:00,16.868692852715196,17.018803439544524,16.69043764926746,16.727964401245117,5165800,0.0,0.0,UGPA3.SA
2025-04-30 00:00:00-03:00,16.68105551390821,16.953130281489113,16.559089543697286,16.727964401245117,4537300,0.0,0.0,UGPA3.SA
2025-05-02 00:00:00-03:00,16.6622883231422,16.821781017379863,16.493413495189493,16.63414192199707,2862200,0.0,0.0,UGPA3.SA
2025-05-05 00:00:00-03:00,16.6904359354232,16.6904359354232,15.977409826470733,16.20257568359375,6237000,0.0,0.0,UGPA3.SA
2025-05-06 00:00:00-03:00,16.333922559800065,16.596616963731286,16.19319411783875,16.437124252319336,3055700,0.0,0.0,UGPA3.SA
2025-05-07 00:00:00-03:00,16.587233505840892,16.587233505840892,15.780387878417969,15.780387878417969,5516800,0.0,0.0,UGPA3.SA
2025-05-08 00:00:00-03:00,15.761624185051877,15.94926329251215,15.10489088785922,15.198710441589355,18212900,0.0,0.0,UGPA3.SA
2025-05-09 00:00:00-03:00,15.292527202459631,15.395728883737243,15.039216750305815,15.283146858215332,10331000,0.0,0.0,UGPA3.SA
2025-05-12 00:00:00-03:00,15.480167770385743,15.480167770385743,15.048600315727526,15.245619773864746,3519800,0.0,0.0,UGPA3.SA
2025-05-13 00:00:00-03:00,15.24561826957543,16.47464914902806,15.151798722332392,16.089990615844727,9978300,0.0,0.0,UGPA3.SA
2025-05-14 00:00:00-03:00,16.080610614300422,16.277631868579725,15.958646439334577,16.10875701904297,5028200,0.0,0.0,UGPA3.SA
2025-05-15 00:00:00-03:00,16.19319444786233,16.446506722230833,16.118139157989354,16.28701400756836,5937100,0.0,0.0,UGPA3.SA
2025-05-16 00:00:00-03:00,16.230719747098433,16.399594581580605,15.96802715075648,16.333921432495117,4812600,0.0,0.0,UGPA3.SA
2025-05-19 00:00:00-03:00,16.32453953885602,16.681053481226936,16.26824852301924,16.54032325744629,3979100,0.0,0.0,UGPA3.SA
2025-05-20 00:00:00-03:00,16.512177539149615,16.643523830464556,16.305774179130125,16.60599708557129,3172100,0.0,0.0,UGPA3.SA
2025-05-21 00:00:00-03:00,16.502796598686345,16.502796598686345,15.555222511291504,15.555222511291504,10091000,0.0,0.0,UGPA3.SA
2025-05-22 00:00:00-03:00,15.667805988963229,15.91173431669591,15.52707576751709,15.52707576751709,5680700,0.0,0.0,UGPA3.SA
2025-05-23 00:00:00-03:00,15.37696504313993,15.602130889892578,15.161181330351026,15.602130889892578,4874300,0.0,0.0,UGPA3.SA
2025-05-26 00:00:00-03:00,15.545839676352958,15.771005520220161,15.527075408665926,15.752243041992188,3603500,0.0,0.0,UGPA3.SA
2025-05-27 00:00:00-03:00,15.864825861554465,16.258866555366936,15.836679458618164,15.836679458618164,3964100,0.0,0.0,UGPA3.SA
2025-05-28 00:00:00-03:00,15.789770730040031,15.85544388140412,15.517695990180345,15.573987007141113,4131600,0.0,0.0,UGPA3.SA
2025-05-29 00:00:00-03:00,15.583369986826572,15.84606260653206,15.470786157339033,15.742862701416016,3762900,0.0,0.0,UGPA3.SA
2025-05-30 00:00:00-03:00,15.84606056474295,15.84606056474295,15.179945176937721,15.283146858215332,26273300,0.0,0.0,UGPA3.SA
2025-06-02 00:00:00-03:00,15.311293031390758,15.555223164177523,14.982926370851287,15.07674503326416,3446900,0.0,0.0,UGPA3.SA
2025-06-03 00:00:00-03:00,15.02983518853228,15.573986437818837,14.964161144839386,15.52707576751709,4055100,0.0,0.0,UGPA3.SA
2025-06-04 00:00:00-03:00,15.517695796415625,15.827299070022677,15.25500140478028,15.29252815246582,3546600,0.0,0.0,UGPA3.SA
2025-06-05 00:00:00-03:00,15.255001392907873,15.27376566146561,15.02983553859245,15.104890823364258,4183300,0.0,0.0,UGPA3.SA
2025-06-06 00:00:00-03:00,15.114272909133634,15.255001343946711,15.02983549035396,15.18932819366455,4406000,0.0,0.0,UGPA3.SA
2025-06-09 00:00:00-03:00,15.330057538380451,15.498932385963224,14.94539895864602,15.461403846740723,6355200,0.0,0.0,UGPA3.SA
2025-06-10 00:00:00-03:00,15.583368800157848,15.883589936650521,15.517695650232465,15.5458402633667,4149800,0.0,0.0,UGPA3.SA
2025-06-11 00:00:00-03:00,15.452020036711485,16.1087550862317,15.376964755862806,15.930498123168945,5428900,0.0,0.0,UGPA3.SA
2025-06-12 00:00:00-03:00,15.780388904203782,16.146283205792162,15.733480020729088,16.052465438842773,2736400,0.0,0.0,UGPA3.SA
2025-06-13 00:00:00-03:00,15.90235457655934,16.221339988899775,15.864826038891444,15.939881324768066,4516300,0.0,0.0,UGPA3.SA
2025-06-16 00:00:00-03:00,16.155665340378942,16.240102762200753,15.968028017020963,16.052465438842773,5874900,0.0,0.0,UGPA3.SA
2025-06-17 00:00:00-03:00,16.15566467142275,16.258866358144854,16.014936237366594,16.174428939819336,3552600,0.0,0.0,UGPA3.SA
2025-06-18 00:00:00-03:00,16.06184603165109,16.408976030744864,16.06184603165109,16.268247604370117,4111800,0.0,0.0,UGPA3.SA
2025-06-20 00:00:00-03:00,16.080609825804686,16.2870132048774,15.986792060181642,16.033700942993164,8654800,0.0,0.0,UGPA3.SA
2025-06-23 00:00:00-03:00,16.033700536344977,16.136902223263924,15.77100614666908,15.911734580993652,5664300,0.0,0.0,UGPA3.SA
2025-06-24 00:00:00-03:00,16.0243180540109,16.352685586607418,15.89297175675593,16.324539184570312,4848000,0.0,0.0,UGPA3.SA
2025-06-25 00:00:00-03:00,16.071226324174148,16.29639395300017,15.902353286743164,15.902353286743164,5073900,0.0,0.0,UGPA3.SA
2025-06-26 00:00:00-03:00,15.921117042276071,16.071227613900543,15.639660167844982,15.761624336242676,4559700,0.0,0.0,UGPA3.SA
2025-06-27 00:00:00-03:00,15.620896571638976,15.968028401879506,15.489550263176785,15.817917823791504,2886100,0.0,0.0,UGPA3.SA
2025-06-30 00:00:00-03:00,15.930498086625718,16.605997402173326,15.836678538415324,16.455886840820312,5612300,0.0,0.0,UGPA3.SA
2025-07-01 00:00:00-03:00,16.40897862505252,16.78425508453716,16.39959648988299,16.699817657470703,3493500,0.0,0.0,UGPA3.SA
2025-07-02 00:00:00-03:00,16.79363470913507,16.83116324420285,16.408976171985593,16.455886840820312,3742400,0.0,0.0,UGPA3.SA
2025-07-03 00:00:00-03:00,16.455887533512744,17.037565535876006,16.455887533512744,16.709197998046875,5377200,0.0,0.0,UGPA3.SA
2025-07-04 00:00:00-03:00,16.77487105290926,17.009419037253096,16.577851605000806,16.87807273864746,2422000,0.0,0.0,UGPA3.SA
2025-07-07 00:00:00-03:00,16.906218779001474,17.018800806978966,16.437122820357434,16.662288665771484,4317400,0.0,0.0,UGPA3.SA
2025-07-08 00:00:00-03:00,16.69981675600457,16.774872043849967,16.51217943112068,16.615379333496094,4702800,0.0,0.0,UGPA3.SA
2025-07-09 00:00:00-03:00,16.699816074939967,16.737344612061758,16.43712347292401,16.549705505371094,3138700,0.0,0.0,UGPA3.SA
2025-07-10 00:00:00-03:00,16.455888408376534,16.596616849368125,16.099374449108012,16.42774200439453,4022800,0.0,0.0,UGPA3.SA
2025-07-11 00:00:00-03:00,16.25886691651186,16.455888162523937,16.033701056397472,16.04308319091797,3580100,0.0,0.0,UGPA3.SA
2025-07-14 00:00:00-03:00,15.986792317869607,16.033701201437243,15.564605207924062,15.6115140914917,6077000,0.0,0.0,UGPA3.SA
2025-07-15 00:00:00-03:00,15.761625008868618,16.033701549960792,15.34882181401457,15.639660835266113,5238900,0.0,0.0,UGPA3.SA
2025-07-16 00:00:00-03:00,15.714714917413886,15.799152334753733,15.142417264212495,15.442638397216797,7951900,0.0,0.0,UGPA3.SA
2025-07-17 00:00:00-03:00,15.395729712266482,15.555222414888233,15.076744307022983,15.095508575439453,5961600,0.0,0.0,UGPA3.SA
2025-07-18 00:00:00-03:00,14.870343595001465,15.086127326069748,14.617031324899099,14.7296142578125,5337900,0.0,0.0,UGPA3.SA
2025-07-21 00:00:00-03:00,14.795287745371368,15.03921787146565,14.720231564878866,14.767141342163086,4130400,0.0,0.0,UGPA3.SA
2025-07-22 00:00:00-03:00,14.738994926410351,15.086125825378252,14.682703018188477,14.682703018188477,4820900,0.0,0.0,UGPA3.SA
2025-07-23 00:00:00-03:00,14.710849817740309,15.330056351289047,14.617030266408266,15.255001068115234,6777800,0.0,0.0,UGPA3.SA
2025-07-24 00:00:00-03:00,15.048600028953993,15.255001617753868,14.832815411007383,15.133035659790039,5500100,0.0,0.0,UGPA3.SA
2025-07-25 00:00:00-03:00,15.226854639371952,15.733479142007623,15.076744073285626,15.517695426940918,9388000,0.0,0.0,UGPA3.SA
2025-07-28 00:00:00-03:00,15.808534120841328,16.1462819933066,15.695950303713527,15.855443000793457,5454300,0.0,0.0,UGPA3.SA
2025-07-29 00:00:00-03:00,15.968027791273364,16.20257578424932,15.817917218925485,16.033700942993164,5165600,0.0,0.0,UGPA3.SA
2025-07-30 00:00:00-03:00,15.93050047552353,16.362069746224773,15.677188194207105,16.15566635131836,4466900,0.0,0.0,UGPA3.SA
2025-07-31 00:00:00-03:00,15.939882169506213,16.10875701904297,15.799153724712003,16.10875701904297,3923400,0.0,0.0,UGPA3.SA
2025-08-01 00:00:00-03:00,16.33392230801621,16.362068711758294,15.874208450317383,15.874208450317383,6657900,0.0,0.0,UGPA3.SA
2025-08-04 00:00:00-03:00,16.16504820848875,16.23072136411706,15.564605883362166,15.667807579040527,2288000,0.0,0.0,UGPA3.SA
2025-08-05 00:00:00-03:00,15.602130730782594,15.930498258328683,15.527075449297122,15.677186012268066,2693500,0.0,0.0,UGPA3.SA
2025-08-06 00:00:00-03:00,15.996172178501176,16.014936447143555,15.771006323170095,16.014936447143555,4398000,0.0,0.0,UGPA3.SA
2025-08-07 00:00:00-03:00,16.089991650711365,16.42774132672588,15.986791752619595,16.36206817626953,4571400,0.0,0.0,UGPA3.SA
2025-08-08 00:00:00-03:00,15.96802786071776,16.005554609238345,15.320674896240234,15.320674896240234,9485600,0.0,0.0,UGPA3.SA
2025-08-11 00:00:00-03:00,15.30190990221394,15.630277436141435,15.226854619269863,15.339438438415527,2517100,0.0,0.0,UGPA3.SA
2025-08-12 00:00:00-03:00,15.480167755263658,16.211958147899615,15.442639216916541,16.052465438842773,4672200,0.0,0.0,UGPA3.SA
2025-08-13 00:00:00-03:00,16.052464804777355,16.061846938993543,15.714715130831078,15.911734580993652,5474200,0.0,0.0,UGPA3.SA
2025-08-14 00:00:00-03:00,16.33392178529823,16.774871359724404,16.324539651017783,16.549705505371094,8745600,0.0,0.0,UGPA3.SA
2025-08-15 00:00:00-03:00,16.42774089035939,16.69981561923136,16.183810774101612,16.502796173095703,7480800,0.0,0.0,UGPA3.SA
2025-08-18 00:00:00-03:00,16.57785037440465,16.784251941100482,16.32453814064683,16.756107330322266,5116600,0.0,0.0,UGPA3.SA
2025-08-19 00:00:00-03:00,16.65290728108782,16.65290728108782,15.94926331146439,16.193193435668945,5434100,0.0,0.0,UGPA3.SA
2025-08-20 00:00:00-03:00,16.23072001946799,16.943746116214143,16.211957540456645,16.89683723449707,6424300,0.0,0.0,UGPA3.SA
2025-08-21 00:00:00-03:00,16.81240149004575,16.887456781942678,16.512180322458036,16.699817657470703,4947000,0.0,0.0,UGPA3.SA
2025-08-22 00:00:00-03:00,16.82387212625045,17.234210781548008,16.80478800424767,17.16741180419922,5573900,0.3,0.0,UGPA3.SA
2025-08-25 00:00:00-03:00,17.234211103612626,17.348724938447404,17.024271196573803,17.0910701751709,2987300,0.0,0.0,UGPA3.SA
2025-08-26 00:00:00-03:00,17.043356689702424,17.3105525970459,16.919299886891004,17.3105525970459,6059500,0.0,0.0,UGPA3.SA
2025-08-27 00:00:00-03:00,17.27238186392466,17.739976503792914,17.17695397779867,17.60637855529785,5447600,0.0,0.0,UGPA3.SA
2025-08-28 00:00:00-03:00,17.94037467526052,19.161847698394624,17.94037467526052,19.028249740600586,8959600,0.0,0.0,UGPA3.SA
2025-08-29 00:00:00-03:00,19.104590848748057,19.448128699382014,18.732422265369195,18.761051177978516,7043300,0.0,0.0,UGPA3.SA
2025-09-01 00:00:00-03:00,18.646539739609292,18.894649709289393,18.493854021146372,18.85647964477539,3986800,0.0,0.0,UGPA3.SA
2025-09-02 00:00:00-03:00,18.713338143765228,18.951906955102835,18.50339642490136,18.761051177978516,6741800,0.0,0.0,UGPA3.SA
2025-09-03 00:00:00-03:00,18.656079815971648,19.047332510414545,18.656079815971648,18.770593643188477,6046500,0.0,0.0,UGPA3.SA
2025-09-04 00:00:00-03:00,18.808763894880492,19.07596161431969,18.53202502486807,18.837392807006836,4348000,0.0,0.0,UGPA3.SA
2025-09-05 00:00:00-03:00,19.352702048229677,20.154293375798307,19.352702048229677,20.077951431274414,9570800,0.0,0.0,UGPA3.SA
2025-09-08 00:00:00-03:00,20.17337837014707,20.297435172953605,19.743955596160994,19.84892463684082,6611200,0.0,0.0,UGPA3.SA
2025-09-09 00:00:00-03:00,19.75349857271271,19.95389550326879,19.25727500161821,19.390872955322266,7314800,0.0,0.0,UGPA3.SA
2025-09-10 00:00:00-03:00,19.390873596804763,19.705784369621814,19.2381896960532,19.591272354125977,4068600,0.0,0.0,UGPA3.SA
2025-09-11 00:00:00-03:00,19.600814819335938,19.915725584021818,19.438587951459237,19.600814819335938,3790800,0.0,0.0,UGPA3.SA
2025-09-12 00:00:00-03:00,19.381328917022795,19.763038635253906,19.37178594655008,19.763038635253906,4022800,0.0,0.0,UGPA3.SA
2025-09-15 00:00:00-03:00,20.039780809655305,20.125665730164677,19.658071063022334,19.877553939819336,4110400,0.0,0.0,UGPA3.SA
2025-09-16 00:00:00-03:00,19.944351587628855,20.144750328828884,19.84892370230196,19.972980499267578,2998300,0.0,0.0,UGPA3.SA
2025-09-17 00:00:00-03:00,19.972981697208592,20.411947447850896,19.953895754971374,20.020694732666016,5400200,0.0,0.0,UGPA3.SA
2025-09-18 00:00:00-03:00,20.039779612417075,20.345147391479838,20.03023664180442,20.287891387939453,9470300,0.0,0.0,UGPA3.SA
2025-09-19 00:00:00-03:00,20.287892481280164,20.373777401286954,19.84892491011926,19.915725708007812,5120200,0.0,0.0,UGPA3.SA
2025-09-22 00:00:00-03:00,19.734412695573774,19.953895568847656,19.56264285731226,19.953895568847656,3671000,0.0,0.0,UGPA3.SA
2025-09-23 00:00:00-03:00,19.963438731983135,20.640973300383813,19.858467869783063,20.373777389526367,4174600,0.0,0.0,UGPA3.SA
2025-09-24 00:00:00-03:00,20.45966263184711,20.48828972552681,20.030238025294985,20.297435760498047,4318000,0.0,0.0,UGPA3.SA
2025-09-25 00:00:00-03:00,20.287891764788505,20.47874572018009,20.05886592623726,20.421489715576172,7209000,0.0,0.0,UGPA3.SA
2025-09-26 00:00:00-03:00,20.612346136165232,20.7554870622224,20.26880645751953,20.26880645751953,2500900,0.0,0.0,UGPA3.SA
2025-09-29 00:00:00-03:00,20.822286420723223,21.06085524189583,20.488289707054445,20.7554874420166,5305900,0.0,0.0,UGPA3.SA
2025-09-30 00:00:00-03:00,20.994056312538486,21.165826155408233,20.755487490805095,20.96542739868164,7184000,0.0,0.0,UGPA3.SA
2025-10-01 00:00:00-03:00,21.04176850918973,21.203995374300433,20.011151313232183,20.240177154541016,24597300,0.0,0.0,UGPA3.SA
2025-10-02 00:00:00-03:00,20.24017774772854,20.34514861062236,19.944352921551715,20.230636596679688,10592000,0.0,0.0,UGPA3.SA
2025-10-03 00:00:00-03:00,20.163836168942616,20.230636968461702,19.896640251408975,20.011152267456055,8811500,0.0,0.0,UGPA3.SA
2025-10-06 00:00:00-03:00,19.944351713427032,20.068408511175136,19.734411820492095,19.8298397064209,9898800,0.0,0.0,UGPA3.SA
2025-10-07 00:00:00-03:00,19.581727780410684,19.715325727601865,19.228645151231177,19.619897842407227,10157100,0.0,0.0,UGPA3.SA
2025-10-08 00:00:00-03:00,19.638984150697155,20.908170133152105,19.486300259584947,20.707773208618164,17474000,0.0,0.0,UGPA3.SA
2025-10-09 00:00:00-03:00,20.707773714352726,20.96542664931237,20.564630970320522,20.698230743408203,9836800,0.0,0.0,UGPA3.SA
2025-10-10 00:00:00-03:00,20.78411545699226,20.812742549408163,19.953895194354974,20.278348922729492,8951100,0.0,0.0,UGPA3.SA
2025-10-13 00:00:00-03:00,20.507374125080748,20.73639995796459,20.431032180786133,20.431032180786133,4590600,0.0,0.0,UGPA3.SA
2025-10-14 00:00:00-03:00,20.497831923858467,20.59325981284225,20.049323211810968,20.135208129882812,3192600,0.0,0.0,UGPA3.SA
2025-10-15 00:00:00-03:00,19.87755381202592,20.411947453876447,19.858467869783063,20.373777389526367,6591600,0.0,0.0,UGPA3.SA
2025-10-16 00:00:00-03:00,20.030236377867613,20.240176268173016,19.75349751428937,20.116121292114258,6931500,0.0,0.0,UGPA3.SA
2025-10-17 00:00:00-03:00,20.001607969045928,20.192463743309226,19.858467048416234,20.106578826904297,7467800,0.0,0.0,UGPA3.SA
2025-10-20 00:00:00-03:00,20.039780996218248,20.182921925021244,19.829841088649562,19.944353103637695,6501500,0.0,0.0,UGPA3.SA
2025-10-21 00:00:00-03:00,19.887095749084235,19.97298066457572,19.56264202836874,19.686697006225586,7411900,0.0,0.0,UGPA3.SA
2025-10-22 00:00:00-03:00,19.658070360918323,19.677156302602214,19.01870587559265,19.467214584350586,9259300,0.0,0.0,UGPA3.SA
2025-10-23 00:00:00-03:00,19.64852701858078,19.925265887222547,19.62944107725775,19.791667938232422,9602500,0.0,0.0,UGPA3.SA
2025-10-24 00:00:00-03:00,19.925266096465922,20.27834873410768,19.73441214163801,20.211549758911133,6739700,0.0,0.0,UGPA3.SA
2025-10-27 00:00:00-03:00,20.822285445130387,20.822285445130387,19.934809180727786,20.173377990722656,7666100,0.0,0.0,UGPA3.SA
2025-10-28 00:00:00-03:00,20.26880691523094,20.440576758432705,19.96343911404365,20.04932403564453,4041000,0.0,0.0,UGPA3.SA
2025-10-29 00:00:00-03:00,20.049324105149736,20.26880698549703,19.801212310791016,19.801212310791016,4018100,0.0,0.0,UGPA3.SA
2025-10-30 00:00:00-03:00,19.667613349382435,20.326061956846388,19.61989849512996,20.278348922729492,4498200,0.0,0.0,UGPA3.SA
2025-10-31 00:00:00-03:00,20.192463377348524,20.507374125080748,20.14475034471521,20.431032180786133,4744600,0.0,0.0,UGPA3.SA
2025-11-03 00:00:00-03:00,20.640973094590155,20.73640098471737,20.240177412164346,20.41194725036621,3577200,0.0,0.0,UGPA3.SA
2025-11-04 00:00:00-03:00,20.49783166175992,20.51691760333975,20.27834879399859,20.421489715576172,3277100,0.0,0.0,UGPA3.SA
2025-11-05 00:00:00-03:00,20.42148986210589,21.0894832611084,20.287891910359622,21.0894832611084,5189400,0.0,0.0,UGPA3.SA
2025-11-06 00:00:00-03:00,21.070398213823015,21.576164769973715,20.946343227669043,21.108570098876953,9313700,0.0,0.0,UGPA3.SA
2025-11-07 00:00:00-03:00,21.07993953601166,21.38530731201172,20.984511650977762,21.38530731201172,6213400,0.0,0.0,UGPA3.SA
2025-11-10 00:00:00-03:00,21.45210655098695,21.738390209631703,21.31850860236739,21.557077407836914,6125200,0.0,0.0,UGPA3.SA
2025-11-11 00:00:00-03:00,21.833817290868158,22.215528853475398,21.67159042280077,21.996044158935547,9908200,0.0,0.0,UGPA3.SA
2025-11-12 00:00:00-03:00,21.976959473053423,21.996043594585647,21.213538187561582,21.79564666748047,7854300,0.0,0.0,UGPA3.SA
2025-11-13 00:00:00-03:00,22.33004129772866,22.730836990104063,20.383320663430748,20.7554874420166,16476500,0.0,0.0,UGPA3.SA
2025-11-14 00:00:00-03:00,20.669601882124848,21.366222381591797,20.669601882124848,21.366222381591797,7118200,0.0,0.0,UGPA3.SA
2025-11-17 00:00:00-03:00,21.242168105557493,21.385309034570398,20.774573433376325,20.96542739868164,8180000,0.0,0.0,UGPA3.SA
2025-11-18 00:00:00-03:00,20.80320001708558,21.57616429104943,20.784115895117882,21.433021545410156,5500600,0.0,0.0,UGPA3.SA
2025-11-19 00:00:00-03:00,21.433020980349806,21.45210692194994,20.994055244360077,21.232624053955078,9421300,0.0,0.0,UGPA3.SA
2025-11-21 00:00:00-03:00,21.232624359572675,21.28033739412422,20.73640079164001,20.803199768066406,4935200,0.0,0.0,UGPA3.SA
2025-11-24 00:00:00-03:00,20.8032004112594,21.060855174129326,20.707774339205933,21.003599166870117,11001300,0.0,0.0,UGPA3.SA
2025-11-25 00:00:00-03:00,21.17536797578295,21.232623980249034,20.76502933348229,21.127653121948242,3132400,0.0,0.0,UGPA3.SA
2025-11-26 00:00:00-03:00,21.127653947834137,21.642963468579183,20.7268582606332,21.04176902770996,12759400,0.0,0.0,UGPA3.SA
2025-11-27 00:00:00-03:00,20.984513456418572,21.50936595919389,20.927257448526316,21.280338287353516,7437300,0.0,0.0,UGPA3.SA
2025-11-28 00:00:00-03:00,21.184911076162273,21.289880114969716,20.908170382634523,20.984512329101562,2965200,0.0,0.0,UGPA3.SA
2025-12-01 00:00:00-03:00,20.841371083130554,20.879541145703147,20.431032444695795,20.602802276611328,5667600,0.0,0.0,UGPA3.SA
2025-12-02 00:00:00-03:00,21.01314187088347,21.3566797302057,20.946342893241248,21.289880752563477,15798700,0.0,0.0,UGPA3.SA
2025-12-03 00:00:00-03:00,21.375765609278442,21.68113340338968,21.356679667112584,21.537992477416992,4317800,0.0,0.0,UGPA3.SA
2025-12-04 00:00:00-03:00,21.709761626923736,22.396839141845703,21.59524779770229,22.396839141845703,8279800,0.0,0.0,UGPA3.SA
2025-12-05 00:00:00-03:00,22.46364060404084,22.597238558651505,20.8700008392334,20.8700008392334,10619400,0.0,0.0,UGPA3.SA
2025-12-08 00:00:00-03:00,20.770000457763672,21.200000762939453,20.290000915527344,20.75,8309300,1.0,0.0,UGPA3.SA
2025-12-09 00:00:00-03:00,20.540000915527344,20.690000534057617,19.979999542236328,20.549999237060547,7070700,0.0,0.0,UGPA3.SA
2025-12-10 00:00:00-03:00,20.790000915527344,20.790000915527344,20.420000076293945,20.760000228881836,4354000,0.0,0.0,UGPA3.SA
2025-12-11 00:00:00-03:00,20.760000228881836,21.389999389648438,20.690000534057617,21.079999923706055,5442800,0.0,0.0,UGPA3.SA
